prefecture,city,query,domain
東京都,港区,港区 ワンルーム マンション 条例 site:city.港.tokyo.jp,city.港.tokyo.jp
東京都,文京区,文京区 ワンルーム マンション 条例 site:city.文京.tokyo.jp,city.文京.tokyo.jp
東京都,台東区,台東区 ワンルーム マンション 条例 site:city.台東.tokyo.jp,city.台東.tokyo.jp
東京都,墨田区,墨田区 ワンルーム マンション 条例 site:city.墨田.tokyo.jp,city.墨田.tokyo.jp
東京都,世田谷区,世田谷区 ワンルーム マンション 条例 site:city.世田谷.tokyo.jp,city.世田谷.tokyo.jp
東京都,渋谷区,渋谷区 ワンルーム マンション 条例 site:city.渋谷.tokyo.jp,city.渋谷.tokyo.jp
東京都,中野区,中野区 ワンルーム マンション 条例 site:city.tokyo-nakano.lg.jp,city.tokyo-nakano.lg.jp
東京都,杉並区,杉並区 ワンルーム マンション 条例 site:city.杉並.tokyo.jp,city.杉並.tokyo.jp
東京都,豊島区,豊島区 ワンルーム マンション 条例 site:city.豊島.tokyo.jp,city.豊島.tokyo.jp
東京都,北区,北区 ワンルーム マンション 条例 site:city.北.tokyo.jp,city.北.tokyo.jp
東京都,荒川区,荒川区 ワンルーム マンション 条例 site:city.荒川.tokyo.jp,city.荒川.tokyo.jp
東京都,練馬区,練馬区 ワンルーム マンション 条例 site:city.練馬.tokyo.jp,city.練馬.tokyo.jp
東京都,足立区,足立区 ワンルーム マンション 条例 site:city.足立.tokyo.jp,city.足立.tokyo.jp
東京都,葛飾区,葛飾区 ワンルーム マンション 条例 site:city.葛飾.tokyo.jp,city.葛飾.tokyo.jp
東京都,八王子市,八王子市 ワンルーム マンション 条例 site:city.八王子.tokyo.jp,city.八王子.tokyo.jp
東京都,立川市,立川市 ワンルーム マンション 条例 site:city.立川.tokyo.jp,city.立川.tokyo.jp
東京都,武蔵野市,武蔵野市 ワンルーム マンション 条例 site:city.武蔵野.tokyo.jp,city.武蔵野.tokyo.jp
東京都,三鷹市,三鷹市 ワンルーム マンション 条例 site:city.三鷹.tokyo.jp,city.三鷹.tokyo.jp
東京都,青梅市,青梅市 ワンルーム マンション 条例 site:city.青梅.tokyo.jp,city.青梅.tokyo.jp
東京都,府中市,府中市 ワンルーム マンション 条例 site:city.府中.tokyo.jp,city.府中.tokyo.jp
東京都,昭島市,昭島市 ワンルーム マンション 条例 site:city.昭島.tokyo.jp,city.昭島.tokyo.jp
東京都,調布市,調布市 ワンルーム マンション 条例 site:city.調布.tokyo.jp,city.調布.tokyo.jp
東京都,町田市,町田市 ワンルーム マンション 条例 site:city.町田.tokyo.jp,city.町田.tokyo.jp
東京都,小金井市,小金井市 ワンルーム マンション 条例 site:city.小金井.tokyo.jp,city.小金井.tokyo.jp
東京都,小平市,小平市 ワンルーム マンション 条例 site:city.小平.tokyo.jp,city.小平.tokyo.jp
東京都,日野市,日野市 ワンルーム マンション 条例 site:city.日野.tokyo.jp,city.日野.tokyo.jp
東京都,東村山市,東村山市 ワンルーム マンション 条例 site:city.東村山.tokyo.jp,city.東村山.tokyo.jp
東京都,国分寺市,国分寺市 ワンルーム マンション 条例 site:city.国分寺.tokyo.jp,city.国分寺.tokyo.jp
東京都,国立市,国立市 ワンルーム マンション 条例 site:city.国立.tokyo.jp,city.国立.tokyo.jp
神奈川県,南足柄市,南足柄市 開発 建築 指導要綱 site:city.南足柄.kanagawa.jp,city.南足柄.kanagawa.jp
神奈川県,綾瀬市,綾瀬市 開発 建築 指導要綱 site:city.綾瀬.kanagawa.jp,city.綾瀬.kanagawa.jp
千葉県,銚子市,銚子市 開発 建築 指導要綱 site:city.銚子.chiba.jp,city.銚子.chiba.jp
千葉県,館山市,館山市 開発 建築 指導要綱 site:city.館山.chiba.jp,city.館山.chiba.jp
千葉県,木更津市,木更津市 開発 建築 指導要綱 site:city.木更津.chiba.jp,city.木更津.chiba.jp
千葉県,茂原市,茂原市 開発 建築 指導要綱 site:city.茂原.chiba.jp,city.茂原.chiba.jp
千葉県,成田市,成田市 開発 建築 指導要綱 site:city.成田.chiba.jp,city.成田.chiba.jp
千葉県,東金市,東金市 開発 建築 指導要綱 site:city.東金.chiba.jp,city.東金.chiba.jp
千葉県,旭市,旭市 開発 建築 指導要綱 site:city.旭.chiba.jp,city.旭.chiba.jp
千葉県,鴨川市,鴨川市 開発 建築 指導要綱 site:city.鴨川.chiba.jp,city.鴨川.chiba.jp
千葉県,君津市,君津市 開発 建築 指導要綱 site:city.君津.chiba.jp,city.君津.chiba.jp
千葉県,富津市,富津市 開発 建築 指導要綱 site:city.富津.chiba.jp,city.富津.chiba.jp
千葉県,浦安市,浦安市 開発 建築 指導要綱 site:city.浦安.chiba.jp,city.浦安.chiba.jp
千葉県,四街道市,四街道市 開発 建築 指導要綱 site:city.四街道.chiba.jp,city.四街道.chiba.jp
千葉県,袖ケ浦市,袖ケ浦市 開発 建築 指導要綱 site:city.袖ケ浦.chiba.jp,city.袖ケ浦.chiba.jp
千葉県,八街市,八街市 開発 建築 指導要綱 site:city.八街.chiba.jp,city.八街.chiba.jp
千葉県,印西市,印西市 開発 建築 指導要綱 site:city.印西.chiba.jp,city.印西.chiba.jp
千葉県,白井市,白井市 開発 建築 指導要綱 site:city.白井.chiba.jp,city.白井.chiba.jp
千葉県,富里市,富里市 開発 建築 指導要綱 site:city.富里.chiba.jp,city.富里.chiba.jp
千葉県,南房総市,南房総市 開発 建築 指導要綱 site:city.南房総.chiba.jp,city.南房総.chiba.jp
千葉県,匝瑳市,匝瑳市 開発 建築 指導要綱 site:city.匝瑳.chiba.jp,city.匝瑳.chiba.jp
千葉県,香取市,香取市 開発 建築 指導要綱 site:city.香取.chiba.jp,city.香取.chiba.jp
千葉県,山武市,山武市 開発 建築 指導要綱 site:city.山武.chiba.jp,city.山武.chiba.jp
千葉県,いすみ市,いすみ市 開発 建築 指導要綱 site:city.いすみ.chiba.jp,city.いすみ.chiba.jp
千葉県,大網白里市,大網白里市 開発 建築 指導要綱 site:city.大網白里.chiba.jp,city.大網白里.chiba.jp
埼玉県,所沢市,所沢市 ワンルーム マンション 指導要綱 site:city.所沢.saitama.jp,city.所沢.saitama.jp
埼玉県,飯能市,飯能市 ワンルーム マンション 指導要綱 site:city.飯能.saitama.jp,city.飯能.saitama.jp
埼玉県,加須市,加須市 ワンルーム マンション 指導要綱 site:city.加須.saitama.jp,city.加須.saitama.jp
埼玉県,本庄市,本庄市 ワンルーム マンション 指導要綱 site:city.本庄.saitama.jp,city.本庄.saitama.jp
埼玉県,東松山市,東松山市 ワンルーム マンション 指導要綱 site:city.東松山.saitama.jp,city.東松山.saitama.jp
埼玉県,狭山市,狭山市 ワンルーム マンション 指導要綱 site:city.狭山.saitama.jp,city.狭山.saitama.jp
埼玉県,羽生市,羽生市 ワンルーム マンション 指導要綱 site:city.羽生.saitama.jp,city.羽生.saitama.jp
埼玉県,鴻巣市,鴻巣市 ワンルーム マンション 指導要綱 site:city.鴻巣.saitama.jp,city.鴻巣.saitama.jp
埼玉県,深谷市,深谷市 ワンルーム マンション 指導要綱 site:city.深谷.saitama.jp,city.深谷.saitama.jp
埼玉県,草加市,草加市 ワンルーム マンション 指導要綱 site:city.草加.saitama.jp,city.草加.saitama.jp
埼玉県,入間市,入間市 ワンルーム マンション 指導要綱 site:city.入間.saitama.jp,city.入間.saitama.jp
埼玉県,八潮市,八潮市 ワンルーム マンション 指導要綱 site:city.八潮.saitama.jp,city.八潮.saitama.jp
埼玉県,富士見市,富士見市 ワンルーム マンション 指導要綱 site:city.富士見.saitama.jp,city.富士見.saitama.jp
埼玉県,三郷市,三郷市 ワンルーム マンション 指導要綱 site:city.三郷.saitama.jp,city.三郷.saitama.jp
埼玉県,坂戸市,坂戸市 ワンルーム マンション 指導要綱 site:city.坂戸.saitama.jp,city.坂戸.saitama.jp
埼玉県,幸手市,幸手市 ワンルーム マンション 指導要綱 site:city.幸手.saitama.jp,city.幸手.saitama.jp
埼玉県,鶴ヶ島市,鶴ヶ島市 ワンルーム マンション 指導要綱 site:city.鶴ヶ島.saitama.jp,city.鶴ヶ島.saitama.jp
埼玉県,日高市,日高市 ワンルーム マンション 指導要綱 site:city.日高.saitama.jp,city.日高.saitama.jp
埼玉県,ふじみ野市,ふじみ野市 ワンルーム マンション 指導要綱 site:city.ふじみ野.saitama.jp,city.ふじみ野.saitama.jp
埼玉県,白岡市,白岡市 ワンルーム マンション 指導要綱 site:city.白岡.saitama.jp,city.白岡.saitama.jp
埼玉県,伊奈町,伊奈町 ワンルーム マンション 指導要綱 site:town.saitama-ina.lg.jp,town.saitama-ina.lg.jp
埼玉県,三芳町,三芳町 ワンルーム マンション 指導要綱 site:town.saitama-miyoshi.lg.jp,town.saitama-miyoshi.lg.jp
埼玉県,川島町,川島町 ワンルーム マンション 指導要綱 site:town.kawajima.saitama.jp,town.kawajima.saitama.jp
埼玉県,吉見町,吉見町 ワンルーム マンション 指導要綱 site:town.yoshimi.saitama.jp,town.yoshimi.saitama.jp
