{
  "tokyo": [
    {"prefecture": "東京都", "city": "千代田区"},
    {"prefecture": "東京都", "city": "中央区"},
    {"prefecture": "東京都", "city": "港区"},
    {"prefecture": "東京都", "city": "新宿区"},
    {"prefecture": "東京都", "city": "文京区"},
    {"prefecture": "東京都", "city": "台東区"},
    {"prefecture": "東京都", "city": "墨田区"},
    {"prefecture": "東京都", "city": "江東区"},
    {"prefecture": "東京都", "city": "品川区"},
    {"prefecture": "東京都", "city": "目黒区"},
    {"prefecture": "東京都", "city": "大田区"},
    {"prefecture": "東京都", "city": "世田谷区"},
    {"prefecture": "東京都", "city": "渋谷区"},
    {"prefecture": "東京都", "city": "中野区"},
    {"prefecture": "東京都", "city": "杉並区"},
    {"prefecture": "東京都", "city": "豊島区"},
    {"prefecture": "東京都", "city": "北区"},
    {"prefecture": "東京都", "city": "荒川区"},
    {"prefecture": "東京都", "city": "板橋区"},
    {"prefecture": "東京都", "city": "練馬区"},
    {"prefecture": "東京都", "city": "足立区"},
    {"prefecture": "東京都", "city": "葛飾区"},
    {"prefecture": "東京都", "city": "江戸川区"},
    {"prefecture": "東京都", "city": "八王子市"},
    {"prefecture": "東京都", "city": "立川市"},
    {"prefecture": "東京都", "city": "武蔵野市"},
    {"prefecture": "東京都", "city": "三鷹市"},
    {"prefecture": "東京都", "city": "青梅市"},
    {"prefecture": "東京都", "city": "府中市"},
    {"prefecture": "東京都", "city": "昭島市"},
    {"prefecture": "東京都", "city": "調布市"},
    {"prefecture": "東京都", "city": "町田市"},
    {"prefecture": "東京都", "city": "小金井市"},
    {"prefecture": "東京都", "city": "小平市"},
    {"prefecture": "東京都", "city": "日野市"},
    {"prefecture": "東京都", "city": "東村山市"},
    {"prefecture": "東京都", "city": "国分寺市"},
    {"prefecture": "東京都", "city": "国立市"},
    {"prefecture": "東京都", "city": "福生市"},
    {"prefecture": "東京都", "city": "狛江市"},
    {"prefecture": "東京都", "city": "東大和市"},
    {"prefecture": "東京都", "city": "清瀬市"},
    {"prefecture": "東京都", "city": "東久留米市"},
    {"prefecture": "東京都", "city": "武蔵村山市"},
    {"prefecture": "東京都", "city": "多摩市"},
    {"prefecture": "東京都", "city": "稲城市"},
    {"prefecture": "東京都", "city": "羽村市"},
    {"prefecture": "東京都", "city": "あきる野市"},
    {"prefecture": "東京都", "city": "西東京市"}
  ],
  "kanagawa": [
    {"prefecture": "神奈川県", "city": "横浜市鶴見区"},
    {"prefecture": "神奈川県", "city": "横浜市神奈川区"},
    {"prefecture": "神奈川県", "city": "横浜市西区"},
    {"prefecture": "神奈川県", "city": "横浜市中区"},
    {"prefecture": "神奈川県", "city": "横浜市南区"},
    {"prefecture": "神奈川県", "city": "横浜市保土ケ谷区"},
    {"prefecture": "神奈川県", "city": "横浜市磯子区"},
    {"prefecture": "神奈川県", "city": "横浜市金沢区"},
    {"prefecture": "神奈川県", "city": "横浜市港北区"},
    {"prefecture": "神奈川県", "city": "横浜市戸塚区"},
    {"prefecture": "神奈川県", "city": "横浜市港南区"},
    {"prefecture": "神奈川県", "city": "横浜市旭区"},
    {"prefecture": "神奈川県", "city": "横浜市緑区"},
    {"prefecture": "神奈川県", "city": "横浜市瀬谷区"},
    {"prefecture": "神奈川県", "city": "横浜市栄区"},
    {"prefecture": "神奈川県", "city": "横浜市泉区"},
    {"prefecture": "神奈川県", "city": "横浜市青葉区"},
    {"prefecture": "神奈川県", "city": "横浜市都筑区"},
    {"prefecture": "神奈川県", "city": "川崎市川崎区"},
    {"prefecture": "神奈川県", "city": "川崎市幸区"},
    {"prefecture": "神奈川県", "city": "川崎市中原区"},
    {"prefecture": "神奈川県", "city": "川崎市高津区"},
    {"prefecture": "神奈川県", "city": "川崎市多摩区"},
    {"prefecture": "神奈川県", "city": "川崎市宮前区"},
    {"prefecture": "神奈川県", "city": "川崎市麻生区"},
    {"prefecture": "神奈川県", "city": "相模原市緑区"},
    {"prefecture": "神奈川県", "city": "相模原市中央区"},
    {"prefecture": "神奈川県", "city": "相模原市南区"},
    {"prefecture": "神奈川県", "city": "横須賀市"},
    {"prefecture": "神奈川県", "city": "平塚市"},
    {"prefecture": "神奈川県", "city": "鎌倉市"},
    {"prefecture": "神奈川県", "city": "藤沢市"},
    {"prefecture": "神奈川県", "city": "小田原市"},
    {"prefecture": "神奈川県", "city": "茅ヶ崎市"},
    {"prefecture": "神奈川県", "city": "逗子市"},
    {"prefecture": "神奈川県", "city": "三浦市"},
    {"prefecture": "神奈川県", "city": "秦野市"},
    {"prefecture": "神奈川県", "city": "厚木市"},
    {"prefecture": "神奈川県", "city": "大和市"},
    {"prefecture": "神奈川県", "city": "伊勢原市"},
    {"prefecture": "神奈川県", "city": "海老名市"},
    {"prefecture": "神奈川県", "city": "座間市"},
    {"prefecture": "神奈川県", "city": "南足柄市"},
    {"prefecture": "神奈川県", "city": "綾瀬市"}
  ],
  "saitama": [
    {"prefecture": "埼玉県", "city": "さいたま市西区"},
    {"prefecture": "埼玉県", "city": "さいたま市北区"},
    {"prefecture": "埼玉県", "city": "さいたま市大宮区"},
    {"prefecture": "埼玉県", "city": "さいたま市見沼区"},
    {"prefecture": "埼玉県", "city": "さいたま市中央区"},
    {"prefecture": "埼玉県", "city": "さいたま市桜区"},
    {"prefecture": "埼玉県", "city": "さいたま市浦和区"},
    {"prefecture": "埼玉県", "city": "さいたま市南区"},
    {"prefecture": "埼玉県", "city": "さいたま市緑区"},
    {"prefecture": "埼玉県", "city": "さいたま市岩槻区"},
    {"prefecture": "埼玉県", "city": "川越市"},
    {"prefecture": "埼玉県", "city": "熊谷市"},
    {"prefecture": "埼玉県", "city": "川口市"},
    {"prefecture": "埼玉県", "city": "行田市"},
    {"prefecture": "埼玉県", "city": "秩父市"},
    {"prefecture": "埼玉県", "city": "所沢市"},
    {"prefecture": "埼玉県", "city": "飯能市"},
    {"prefecture": "埼玉県", "city": "加須市"},
    {"prefecture": "埼玉県", "city": "本庄市"},
    {"prefecture": "埼玉県", "city": "東松山市"},
    {"prefecture": "埼玉県", "city": "春日部市"},
    {"prefecture": "埼玉県", "city": "狭山市"},
    {"prefecture": "埼玉県", "city": "羽生市"},
    {"prefecture": "埼玉県", "city": "鴻巣市"},
    {"prefecture": "埼玉県", "city": "深谷市"},
    {"prefecture": "埼玉県", "city": "上尾市"},
    {"prefecture": "埼玉県", "city": "草加市"},
    {"prefecture": "埼玉県", "city": "越谷市"},
    {"prefecture": "埼玉県", "city": "蕨市"},
    {"prefecture": "埼玉県", "city": "戸田市"},
    {"prefecture": "埼玉県", "city": "入間市"},
    {"prefecture": "埼玉県", "city": "朝霞市"},
    {"prefecture": "埼玉県", "city": "志木市"},
    {"prefecture": "埼玉県", "city": "和光市"},
    {"prefecture": "埼玉県", "city": "新座市"},
    {"prefecture": "埼玉県", "city": "桶川市"},
    {"prefecture": "埼玉県", "city": "久喜市"},
    {"prefecture": "埼玉県", "city": "北本市"},
    {"prefecture": "埼玉県", "city": "八潮市"},
    {"prefecture": "埼玉県", "city": "富士見市"},
    {"prefecture": "埼玉県", "city": "三郷市"},
    {"prefecture": "埼玉県", "city": "蓮田市"},
    {"prefecture": "埼玉県", "city": "坂戸市"},
    {"prefecture": "埼玉県", "city": "幸手市"},
    {"prefecture": "埼玉県", "city": "鶴ヶ島市"},
    {"prefecture": "埼玉県", "city": "日高市"},
    {"prefecture": "埼玉県", "city": "吉川市"},
    {"prefecture": "埼玉県", "city": "ふじみ野市"},
    {"prefecture": "埼玉県", "city": "白岡市"}
  ],
  "chiba": [
    {"prefecture": "千葉県", "city": "千葉市中央区"},
    {"prefecture": "千葉県", "city": "千葉市花見川区"},
    {"prefecture": "千葉県", "city": "千葉市稲毛区"},
    {"prefecture": "千葉県", "city": "千葉市若葉区"},
    {"prefecture": "千葉県", "city": "千葉市緑区"},
    {"prefecture": "千葉県", "city": "千葉市美浜区"},
    {"prefecture": "千葉県", "city": "銚子市"},
    {"prefecture": "千葉県", "city": "市川市"},
    {"prefecture": "千葉県", "city": "船橋市"},
    {"prefecture": "千葉県", "city": "館山市"},
    {"prefecture": "千葉県", "city": "木更津市"},
    {"prefecture": "千葉県", "city": "松戸市"},
    {"prefecture": "千葉県", "city": "野田市"},
    {"prefecture": "千葉県", "city": "茂原市"},
    {"prefecture": "千葉県", "city": "成田市"},
    {"prefecture": "千葉県", "city": "佐倉市"},
    {"prefecture": "千葉県", "city": "東金市"},
    {"prefecture": "千葉県", "city": "旭市"},
    {"prefecture": "千葉県", "city": "習志野市"},
    {"prefecture": "千葉県", "city": "柏市"},
    {"prefecture": "千葉県", "city": "勝浦市"},
    {"prefecture": "千葉県", "city": "市原市"},
    {"prefecture": "千葉県", "city": "流山市"},
    {"prefecture": "千葉県", "city": "八千代市"},
    {"prefecture": "千葉県", "city": "我孫子市"},
    {"prefecture": "千葉県", "city": "鴨川市"},
    {"prefecture": "千葉県", "city": "鎌ケ谷市"},
    {"prefecture": "千葉県", "city": "君津市"},
    {"prefecture": "千葉県", "city": "富津市"},
    {"prefecture": "千葉県", "city": "浦安市"},
    {"prefecture": "千葉県", "city": "四街道市"},
    {"prefecture": "千葉県", "city": "袖ケ浦市"},
    {"prefecture": "千葉県", "city": "八街市"},
    {"prefecture": "千葉県", "city": "印西市"},
    {"prefecture": "千葉県", "city": "白井市"},
    {"prefecture": "千葉県", "city": "富里市"},
    {"prefecture": "千葉県", "city": "南房総市"},
    {"prefecture": "千葉県", "city": "匝瑳市"},
    {"prefecture": "千葉県", "city": "香取市"},
    {"prefecture": "千葉県", "city": "山武市"},
    {"prefecture": "千葉県", "city": "いすみ市"},
    {"prefecture": "千葉県", "city": "大網白里市"}
  ]
}
