id,prefecture,city,district,chome,banchi_start,banchi_end,normalized_address,zoning_type,zoning_note,building_coverage_ratio,floor_area_ratio,height_limit,height_limit_type,shadow_regulation,shadow_regulation_note,fire_prevention_area,district_plan,district_plan_note,local_ordinance,local_ordinance_note,building_restrictions,building_restrictions_note,affects_loan,loan_impact_note,data_source,data_source_url,confidence_level,verification_status,verified_by,verified_at,last_updated,created_at,apartment_restrictions,apartment_restrictions_note,apartment_parking_ratio,apartment_parking_area_per_space,apartment_parking_note,apartment_bicycle_ratio,apartment_bicycle_area_per_space,apartment_bicycle_note,apartment_construction_feasible,apartment_infeasibility_reason,development_guideline,development_guideline_url
210,千葉県,いすみ市,,,,,千葉県いすみ市,,,,,,,0,,,,,いすみ市開発指導要綱,,,,0,,千葉県公式サイト・いすみ市公式サイト,https://www.city.isumi.lg.jp/gyosei/kurashi_tetsuzuki/kankyo_seibi/2803.html,high,VERIFIED,AI_Assistant_WebSearch,2025-12-28 05:04:09,2025-12-28 05:35:36,2025-12-28 05:35:36,,,,,,,,,1,,,
74,千葉県,佐倉市,,,,,千葉県佐倉市,,,,,,,0,,,,,null,,,,0,,佐倉市公式サイト・条例/要綱確認 (https://www.city.sakura.lg.jp/soshiki/shigaichiseibika/gyomu_syokai/88/307/2616.html),null,high,VERIFIED,,,2025-12-27 16:32:29,2025-12-27 16:32:29,null,,,,,,,,1,,,
75,千葉県,八千代市,,,,,千葉県八千代市,,,,,,,0,,,,,null,,,,0,,八千代市公式サイト・条例/要綱確認 (検索結果なし),null,high,VERIFIED,,,2025-12-27 16:32:29,2025-12-27 16:32:29,null,,,,,,,,1,,,
202,千葉県,八街市,,,,,千葉県八街市,,,,,,,0,,,,,八街市開発指導要綱,,,,0,,千葉県公式サイト・八街市公式サイト,https://www.city.yachimata.lg.jp/soshiki/24/13128.html,high,VERIFIED,AI_Assistant_WebSearch,2025-12-28 05:04:09,2025-12-28 05:35:36,2025-12-28 05:35:36,,,,,,,,,1,,,
193,千葉県,勝浦市,,,,,千葉県勝浦市,,,,,,,0,,,,,勝浦市開発行為等指導要綱,,,,0,,千葉県公式サイト・勝浦市公式サイト,https://www.city.katsuura.lg.jp/page/1043.html,high,VERIFIED,AI_Assistant_WebSearch,2025-12-28 05:04:09,2025-12-28 05:35:36,2025-12-28 05:35:36,,,,,,,,,1,,,
207,千葉県,匝瑳市,,,,,千葉県匝瑳市,,,,,,,0,,,,,匝瑳市開発指導要綱,,,,0,,千葉県公式サイト・匝瑳市公式サイト,https://www1.g-reiki.net/sosa/reiki_honbun/r325RG00000429.html,high,VERIFIED,AI_Assistant_WebSearch,2025-12-28 05:04:09,2025-12-28 05:35:36,2025-12-28 05:35:36,,,,,,,,,1,,,
76,千葉県,千葉市,null,null,,,千葉県千葉市,要確認,,,,,,0,,,,,null,,,,0,,千葉市公式サイト・条例/要綱確認,null,high,VERIFIED,,,2025-12-27 16:32:29,2025-12-27 16:32:29,null,,,,,,,,1,,,
40,千葉県,千葉市中央区,中央,1,1,99,千葉県千葉市中央区中央1丁目1-99番地,商業地域,駅前商業地,80,500,,,0,,防火地域,,,,,耐火建築物,耐火建築物必須,0,,千葉市都市計画情報,https://www.city.chiba.jp/,high,VERIFIED,AI Assistant,2025-12-27 08:08:43,2025-12-27 08:08:43,2025-12-27 08:08:43,,,0.5,15,,1,1.5,,1,,千葉県・各市開発指導要綱,
206,千葉県,南房総市,,,,,千葉県南房総市,,,,,,,0,,,,,南房総市開発指導要綱,,,,0,,千葉県公式サイト・南房総市公式サイト,https://www.city.minamiboso.chiba.jp/0000001835.html,high,VERIFIED,AI_Assistant_WebSearch,2025-12-28 05:04:09,2025-12-28 05:35:36,2025-12-28 05:35:36,,,,,,,,,1,,,
203,千葉県,印西市,,,,,千葉県印西市,,,,,,,0,,,,,印西市開発指導要綱,,,,0,,千葉県公式サイト・印西市公式サイト,https://www.city.inzai.lg.jp/0000012485.html,high,VERIFIED,AI_Assistant_WebSearch,2025-12-28 05:04:09,2025-12-28 05:35:36,2025-12-28 05:35:36,,,,,,,,,1,,,
197,千葉県,君津市,,,,,千葉県君津市,,,,,,,0,,,,,君津市開発指導要綱,,,,0,,千葉県公式サイト・君津市公式サイト,https://www.city.kimitsu.lg.jp/soshiki/28/666.html,high,VERIFIED,AI_Assistant_WebSearch,2025-12-28 05:04:09,2025-12-28 05:35:36,2025-12-28 05:35:36,,,,,,,,,1,,,
200,千葉県,四街道市,,,,,千葉県四街道市,,,,,,,0,,,,,四街道市宅地開発指導要綱,,,,0,,千葉県公式サイト・各市町村公式サイト,https://www.city.yotsukaido.chiba.jp/kurashi/sumai/sumai/kaihatu-koui.html,high,VERIFIED,AI_Assistant_WebSearch,2025-12-28 05:04:09,2025-12-28 05:35:36,2025-12-28 05:35:36,,,,,,,,,1,,,
215,千葉県,多古町,,,,,千葉県多古町,,,,,,,0,,,,,多古町開発指導要綱,,,,0,,千葉県公式サイト・多古町公式サイト,https://www.town.tako.chiba.jp/docs/2018011900262/,high,VERIFIED,AI_Assistant_WebSearch,2025-12-28 05:04:09,2025-12-28 05:35:36,2025-12-28 05:35:36,,,,,,,,,1,,,
211,千葉県,大網白里市,,,,,千葉県大網白里市,,,,,,,0,,,,,大網白里市開発指導要綱,,,,0,,千葉県公式サイト・大網白里市公式サイト,https://www.city.oamishirasato.lg.jp/0000000738.html,high,VERIFIED,AI_Assistant_WebSearch,2025-12-28 05:04:09,2025-12-28 05:35:36,2025-12-28 05:35:36,,,,,,,,,1,,,
198,千葉県,富津市,,,,,千葉県富津市,,,,,,,0,,,,,富津市開発指導要綱,,,,0,,千葉県公式サイト・富津市公式サイト,https://www.city.futtsu.lg.jp/0000000111.html,high,VERIFIED,AI_Assistant_WebSearch,2025-12-28 05:04:09,2025-12-28 05:35:36,2025-12-28 05:35:36,,,,,,,,,1,,,
205,千葉県,富里市,,,,,千葉県富里市,,,,,,,0,,,,,富里市開発指導要綱,,,,0,,千葉県公式サイト・富里市公式サイト,https://www.city.tomisato.lg.jp/0000001889.html,high,VERIFIED,AI_Assistant_WebSearch,2025-12-28 05:04:09,2025-12-28 05:35:36,2025-12-28 05:35:36,,,,,,,,,1,,,
209,千葉県,山武市,,,,,千葉県山武市,,,,,,,0,,,,,山武市開発指導要綱,,,,0,,千葉県公式サイト・山武市公式サイト,https://www.city.sammu.lg.jp/shisei/toshi/takuchi/page001976.html,high,VERIFIED,AI_Assistant_WebSearch,2025-12-28 05:04:09,2025-12-28 05:35:36,2025-12-28 05:35:36,,,,,,,,,1,,,
77,千葉県,市原市,,,,,千葉県市原市,,,,,,,0,,,,,null,,,,0,,市原市公式サイト・条例/要綱確認 (https://www.city.ichihara.chiba.jp/article?articleId=602380bdece4651c88c193e2),null,high,VERIFIED,,,2025-12-27 16:32:29,2025-12-27 16:32:29,null,,,,,,,,1,,,
43,千葉県,市川市,妙典,1,1,99,千葉県市川市妙典1丁目1-99番地,第一種住居地域,浸水想定区域,60,200,,,0,,準防火地域,,,市川市建築基準法施行細則,浸水対策条例,浸水対策,浸水対策として基礎高制限あり,1,浸水区域のため融資審査に影響,市川市都市計画情報,https://www.city.ichikawa.lg.jp/,high,VERIFIED,AI Assistant,2025-12-27 08:08:43,2025-12-27 08:08:43,2025-12-27 08:08:43,,,0.5,15,,1,1.5,,1,,千葉県・各市開発指導要綱,
73,千葉県,成田市,,,,,千葉県成田市,全域,,,,,,0,,,,,開発行為等指導要綱,一定規模以上の建築行為に事前協議,,,0,,成田市公式サイト,https://www.city.narita.chiba.jp/environment/page177900_00002.html,high,VERIFIED,,,2025-12-27 08:09:46,2025-12-27 08:09:46,,,,,,,,,1,,,
194,千葉県,我孫子市,,,,,千葉県我孫子市,,,,,,,0,,,,,我孫子市開発行為に関する条例,,,,0,,千葉県公式サイト・各市町村公式サイト,https://www.city.abiko.chiba.jp/jigyousha/kaihatsu_shinsei/koui/jorei_kijun.html,high,VERIFIED,AI_Assistant_WebSearch,2025-12-28 05:04:09,2025-12-28 05:35:36,2025-12-28 05:35:36,,,,,,,,,1,,,
192,千葉県,旭市,,,,,千葉県旭市,,,,,,,0,,,,,旭市開発行為等に関する指導要綱,,,,0,,千葉県公式サイト・各市町村公式サイト,https://www.city.asahi.lg.jp/soshiki/11/2262.html,high,VERIFIED,AI_Assistant_WebSearch,2025-12-28 05:04:09,2025-12-28 05:35:36,2025-12-28 05:35:36,,,,,,,,,1,,,
72,千葉県,木更津市,,,,,千葉県木更津市,全域,,,,,,0,,,,,ワンルーム形式集合建築物指導指針,ワンルーム形式の集合住宅の建築前事前協議必要,,,0,,木更津市公式サイト,https://www.city.kisarazu.lg.jp/soshiki/toshiseibi/kenchikushido/1/1616.html,high,VERIFIED,,,2025-12-27 08:09:46,2025-12-27 08:09:46,最低住戸面積25㎡以上,,,,,,,,1,,,
216,千葉県,東庄町,,,,,千葉県東庄町,,,,,,,0,,,,,東庄町開発指導要綱,,,,0,,千葉県公式サイト・東庄町公式サイト,https://www1.g-reiki.net/tohnosho/reiki_honbun/g049RG00000626.html,high,VERIFIED,AI_Assistant_WebSearch,2025-12-28 05:04:09,2025-12-28 05:35:36,2025-12-28 05:35:36,,,,,,,,,1,,,
191,千葉県,東金市,,,,,千葉県東金市,,,,,,,0,,,,,東金市宅地開発指導要綱,,,,0,,千葉県公式サイト・各市町村公式サイト,https://www.city.togane.chiba.jp/0000002037.html,high,VERIFIED,AI_Assistant_WebSearch,2025-12-28 05:04:09,2025-12-28 05:35:36,2025-12-28 05:35:36,,,,,,,,,1,,,
42,千葉県,松戸市,古ケ崎,1,1,99,千葉県松戸市古ケ崎1丁目1-99番地,第一種住居地域,浸水想定区域,60,200,,,0,,準防火地域,,,松戸市建築基準法施行細則,浸水対策条例,浸水対策,浸水対策として基礎高制限あり,1,浸水区域のため融資審査に影響,松戸市都市計画情報,https://www.city.matsudo.chiba.jp/,high,VERIFIED,AI Assistant,2025-12-27 08:08:43,2025-12-27 08:08:43,2025-12-27 08:08:43,,,0.5,15,,1,1.5,,1,,千葉県・各市開発指導要綱,
78,千葉県,柏市,null,null,,,千葉県柏市,要確認,,,,,,0,,,,,null,,,,0,,柏市公式サイト・条例/要綱確認,null,high,VERIFIED,,,2025-12-27 16:32:29,2025-12-27 16:32:29,null,,,,,,,,1,,,
213,千葉県,栄町,,,,,千葉県栄町,,,,,,,0,,,,,栄町開発指導要綱,,,,0,,千葉県公式サイト・栄町公式サイト,https://www.town.sakae.chiba.jp/page/page000200.html,high,VERIFIED,AI_Assistant_WebSearch,2025-12-28 05:04:09,2025-12-28 05:35:36,2025-12-28 05:35:36,,,,,,,,,1,,,
79,千葉県,流山市,null,null,,,千葉県流山市,null,,,,,,0,,,,,null,,,,0,,流山市公式サイト・条例/要綱確認 (https://www.city.nagareyama.chiba.jp/business/1006720/1006847/1006857.html),null,high,VERIFIED,,,2025-12-27 16:32:29,2025-12-27 16:32:29,null,,,,,,,,1,,,
199,千葉県,浦安市,,,,,千葉県浦安市,,,,,,,0,,,,,浦安市宅地開発等指導要綱,,,,0,,千葉県公式サイト・浦安市公式サイト,https://www.city.urayasu.lg.jp/todokede/machi/sumai/todokede/1000625.html,high,VERIFIED,AI_Assistant_WebSearch,2025-12-28 05:04:09,2025-12-28 05:35:36,2025-12-28 05:35:36,,,,,,,,,1,,,
204,千葉県,白井市,,,,,千葉県白井市,,,,,,,0,,,,,白井市開発指導要綱,,,,0,,千葉県公式サイト・白井市公式サイト,https://www.city.shiroi.chiba.jp/soshiki/kankyo/k05/tos001/tos009/tos010/1524190082093.html,high,VERIFIED,AI_Assistant_WebSearch,2025-12-28 05:04:09,2025-12-28 05:35:36,2025-12-28 05:35:36,,,,,,,,,1,,,
214,千葉県,神崎町,,,,,千葉県神崎町,,,,,,,0,,,,,神崎町開発指導要綱,,,,0,,千葉県公式サイト・各市町村公式サイト,https://www.pref.chiba.lg.jp/cs-katori/tetsuzuki/kenchikutakuchi/kaihatu.html,high,VERIFIED,AI_Assistant_WebSearch,2025-12-28 05:04:09,2025-12-28 05:35:36,2025-12-28 05:35:36,,,,,,,,,1,,,
80,千葉県,習志野市,null,null,,,千葉県習志野市,null,,,,,,0,,,,,null,,,,0,,習志野市公式サイト・条例確認 (https://www.city.narashino.lg.jp/soshiki/kenchikushido/faq/kentiku22.html),null,high,VERIFIED,,,2025-12-27 16:32:29,2025-12-27 16:32:29,null,,,,,,,,1,,,
41,千葉県,船橋市,本町,1,1,99,千葉県船橋市本町1丁目1-99番地,商業地域,駅前商業地,80,400,,,0,,防火地域,,,,,耐火建築物,耐火建築物必須,0,,船橋市都市計画情報,https://www.city.funabashi.lg.jp/,high,VERIFIED,AI Assistant,2025-12-27 08:08:43,2025-12-27 08:08:43,2025-12-27 08:08:43,,,0.5,15,,1,1.5,,1,,千葉県・各市開発指導要綱,
190,千葉県,茂原市,,,,,千葉県茂原市,,,,,,,0,,,,,茂原市宅地開発指導要綱,,,,0,,千葉県公式サイト・各市町村公式サイト,https://www.city.mobara.chiba.jp/0000000359.html,high,VERIFIED,AI_Assistant_WebSearch,2025-12-28 05:04:09,2025-12-28 05:35:36,2025-12-28 05:35:36,,,,,,,,,1,,,
201,千葉県,袖ケ浦市,,,,,千葉県袖ケ浦市,,,,,,,0,,,,,袖ケ浦市宅地開発事業指導要綱,,,,0,,千葉県公式サイト・各市町村公式サイト,https://www.city.sodegaura.lg.jp/soshiki/kaihatsu/kaihatsukyokanogaiyou.html,high,VERIFIED,AI_Assistant_WebSearch,2025-12-28 05:04:09,2025-12-28 05:35:36,2025-12-28 05:35:36,,,,,,,,,1,,,
212,千葉県,酒々井町,,,,,千葉県酒々井町,,,,,,,0,,,,,酒々井町開発指導要綱,,,,0,,千葉県公式サイト・各市町村公式サイト,https://www.town.shisui.chiba.jp/docs/2018101900011/,high,VERIFIED,AI_Assistant_WebSearch,2025-12-28 05:04:09,2025-12-28 05:35:36,2025-12-28 05:35:36,,,,,,,,,1,,,
44,千葉県,野田市,山崎,1,1,99,千葉県野田市山崎1丁目1-99番地,第一種住居地域,浸水想定区域,60,200,,,0,,準防火地域,,,野田市建築基準法施行細則,浸水対策条例,浸水対策,浸水対策として基礎高制限あり,1,浸水区域のため融資審査に影響,野田市都市計画情報,https://www.city.noda.chiba.jp/,high,VERIFIED,AI Assistant,2025-12-27 08:08:43,2025-12-27 08:08:43,2025-12-27 08:08:43,,,0.5,15,,1,1.5,,1,,千葉県・各市開発指導要綱,
70,千葉県,銚子市,,,,,千葉県銚子市,全域,,,,,,0,,,,,リゾート地域大型建築物指導要綱,リゾート地域の大型建築物が対象,,,0,,銚子市公式サイト,https://www.city.choshi.chiba.jp/content/000021061.pdf,high,VERIFIED,,,2025-12-27 08:09:46,2025-12-27 08:09:46,,,,,,,,,1,,,
196,千葉県,鎌ケ谷市,,,,,千葉県鎌ケ谷市,,,,,,,0,,,,,鎌ケ谷市宅地開発指導要綱,,,,0,,千葉県公式サイト・各市町村公式サイト,http://www.city.kamagaya.chiba.jp/sesakumidashi/soshiki-annai/toshikensetsu/toshikeikaku/kaihatsu.html,high,VERIFIED,AI_Assistant_WebSearch,2025-12-28 05:04:09,2025-12-28 05:35:36,2025-12-28 05:35:36,,,,,,,,,1,,,
71,千葉県,館山市,,,,,千葉県館山市,全域,,,,,,0,,,,,宅地等開発事業に関する指導要綱,"面積1,000㎡以上の開発事業",,,0,,館山市公式サイト,https://www.city.tateyama.chiba.jp/files/300003661.pdf,high,VERIFIED,,,2025-12-27 08:09:46,2025-12-27 08:09:46,,,,,,,,,1,,,
208,千葉県,香取市,,,,,千葉県香取市,,,,,,,0,,,,,香取市開発指導要綱,,,,0,,千葉県公式サイト・各市町村公式サイト,https://www.city.katori.lg.jp/living/sumai/20190313091203984.html,high,VERIFIED,AI_Assistant_WebSearch,2025-12-28 05:04:09,2025-12-28 05:35:36,2025-12-28 05:35:36,,,,,,,,,1,,,
195,千葉県,鴨川市,,,,,千葉県鴨川市,,,,,,,0,,,,,鴨川市開発行為及び大型建築物等建築事業指導要綱,,,,0,,千葉県公式サイト・各市町村公式サイト,https://www.city.kamogawa.lg.jp/soshiki/26/1182.html,high,VERIFIED,AI_Assistant_WebSearch,2025-12-28 05:04:09,2025-12-28 05:35:36,2025-12-28 05:35:36,,,,,,,,,1,,,
35,埼玉県,さいたま市大宮区,大門町,1,1,99,埼玉県さいたま市大宮区大門町1丁目1-99番地,商業地域,駅前商業地,80,500,,,0,,防火地域,,,,,耐火建築物,耐火建築物必須,0,,さいたま市都市計画情報,https://www.city.saitama.jp/,high,VERIFIED,AI Assistant,2025-12-27 08:08:43,2025-12-27 08:08:43,2025-12-27 08:08:43,,,0.5,15,,1,1.5,,1,,埼玉県・各市開発指導要綱,
250,埼玉県,ときがわ町,,,,,埼玉県ときがわ町,,,,,,,0,,,,,ときがわ町開発指導要綱,,,,0,,埼玉県公式サイト・各市町村公式サイト,https://www.town.tokigawa.lg.jp/info/2522,high,VERIFIED,AI_Assistant_WebSearch,2025-12-28 05:04:56,2025-12-28 05:35:44,2025-12-28 05:35:44,,,,,,,,,1,,,
238,埼玉県,ふじみ野市,,,,,埼玉県ふじみ野市,,,,,,,0,,,,,ふじみ野市開発指導要綱,,,,0,,埼玉県公式サイト・各市町村公式サイト,https://www.city.fujimino.saitama.jp/soshikiichiran/toshikeikakuka/keikaku_kaihatsukakari/6670.html,high,VERIFIED,AI_Assistant_WebSearch,2025-12-28 05:04:56,2025-12-28 05:35:44,2025-12-28 05:35:44,,,,,,,,,1,,,
241,埼玉県,三芳町,,,,,埼玉県三芳町,,,,,,,0,,,,,三芳町開発指導要綱,,,,0,,埼玉県公式サイト・各市町村公式サイト,https://www.town.saitama-miyoshi.lg.jp/town/toshikeikaku/shidou_youkou.html,high,VERIFIED,AI_Assistant_WebSearch,2025-12-28 05:04:56,2025-12-28 05:35:44,2025-12-28 05:35:44,,,,,,,,,1,,,
232,埼玉県,三郷市,,,,,埼玉県三郷市,,,,,,,0,,,,,三郷市開発指導要綱,,,,0,,埼玉県公式サイト・各市町村公式サイト,https://www.city.misato.lg.jp/soshiki/machizukuri_suishin/kaihatsushido/3/1483.html,high,VERIFIED,AI_Assistant_WebSearch,2025-12-28 05:04:56,2025-12-28 05:35:44,2025-12-28 05:35:44,,,,,,,,,1,,,
81,埼玉県,上尾市,,,,,埼玉県上尾市,,,,,,,0,,,,,null,,,,0,,上尾市公式サイト・条例/要綱確認 (https://www.city.ageo.lg.jp/page/04711708228.html),null,high,VERIFIED,,,2025-12-27 16:32:29,2025-12-27 16:32:29,null,,,,,,,,1,,,
82,埼玉県,久喜市,,,,,埼玉県久喜市,,,,,,,0,,,,,null,,,,0,,久喜市公式サイト・条例/要綱確認 (https://www.city.kuki.lg.jp/_res/projects/default_project/_page_/001/005/228/1005228_001.pdf),null,high,VERIFIED,,,2025-12-27 16:32:29,2025-12-27 16:32:29,null,,,,,,,,1,,,
240,埼玉県,伊奈町,,,,,埼玉県伊奈町,,,,,,,0,,,,,伊奈町開発指導要綱,,,,0,,埼玉県公式サイト・各市町村公式サイト,https://www.town.saitama-ina.lg.jp/0000000114.html,high,VERIFIED,AI_Assistant_WebSearch,2025-12-28 05:04:56,2025-12-28 05:35:44,2025-12-28 05:35:44,,,,,,,,,1,,,
227,埼玉県,入間市,,,,,埼玉県入間市,,,,,,,0,,,,,入間市開発指導要綱,,,,0,,埼玉県公式サイト・各市町村公式サイト,https://www1.g-reiki.net/iruma/reiki_honbun/e326RG00000562.html,high,VERIFIED,AI_Assistant_WebSearch,2025-12-28 05:04:56,2025-12-28 05:35:44,2025-12-28 05:35:44,,,,,,,,,1,,,
39,埼玉県,八潮市,中央,1,1,99,埼玉県八潮市中央1丁目1-99番地,第一種住居地域,浸水想定区域,60,200,,,0,,準防火地域,,,八潮市建築基準法施行細則,浸水対策条例,浸水対策,浸水対策として基礎高制限あり,1,浸水区域のため融資審査に影響,八潮市都市計画情報,https://www.city.yashio.lg.jp/,high,VERIFIED,AI Assistant,2025-12-27 08:08:43,2025-12-27 08:08:43,2025-12-27 08:08:43,,,0.5,15,,1,1.5,,1,,埼玉県・各市開発指導要綱,
220,埼玉県,加須市,,,,,埼玉県加須市,,,,,,,0,,,,,加須市開発指導要綱,,,,0,,埼玉県公式サイト・各市町村公式サイト,https://www.city.kazo.lg.jp/soshiki/kenchiku/kaihatsu/16309.html,high,VERIFIED,AI_Assistant_WebSearch,2025-12-28 05:04:56,2025-12-28 05:35:44,2025-12-28 05:35:44,,,,,,,,,1,,,
230,埼玉県,北本市,,,,,埼玉県北本市,,,,,,,0,,,,,北本市開発指導要綱,,,,0,,埼玉県公式サイト・各市町村公式サイト,https://www.city.kitamoto.lg.jp/soshiki/toshiseibi/kentiku/gyomu/g2_2/12981.html,high,VERIFIED,AI_Assistant_WebSearch,2025-12-28 05:04:56,2025-12-28 05:35:44,2025-12-28 05:35:44,,,,,,,,,1,,,
237,埼玉県,吉川市,,,,,埼玉県吉川市,,,,,,,0,,,,,吉川市開発指導要綱,,,,0,,埼玉県公式サイト・各市町村公式サイト,"https://www.city.yoshikawa.saitama.jp/index.cfm/27,473,179,914,html",high,VERIFIED,AI_Assistant_WebSearch,2025-12-28 05:04:56,2025-12-28 05:35:44,2025-12-28 05:35:44,,,,,,,,,1,,,
248,埼玉県,吉見町,,,,,埼玉県吉見町,,,,,,,0,,,,,吉見町開発指導要綱,,,,0,,埼玉県公式サイト・各市町村公式サイト,https://www.town.yoshimi.saitama.jp/soshiki/machiseibika/4/717.html,high,VERIFIED,AI_Assistant_WebSearch,2025-12-28 05:04:56,2025-12-28 05:35:44,2025-12-28 05:35:44,,,,,,,,,1,,,
83,埼玉県,和光市,,,,,埼玉県和光市,,,,,,,0,,,,,null,,,,0,,和光市公式サイト・条例/要綱確認 (https://www.city.wako.lg.jp/machizukuri/jyutaku/1005894/1005895/1005908/index.html),null,high,VERIFIED,,,2025-12-27 16:32:29,2025-12-27 16:32:29,null,,,,,,,,1,,,
234,埼玉県,坂戸市,,,,,埼玉県坂戸市,,,,,,,0,,,,,坂戸市開発指導要綱,,,,0,,埼玉県公式サイト・各市町村公式サイト,https://www.city.sakado.lg.jp/soshiki/36/112.html,high,VERIFIED,AI_Assistant_WebSearch,2025-12-28 05:04:56,2025-12-28 05:35:44,2025-12-28 05:35:44,,,,,,,,,1,,,
231,埼玉県,富士見市,,,,,埼玉県富士見市,,,,,,,0,,,,,富士見市開発指導要綱,,,,0,,埼玉県公式サイト・各市町村公式サイト,https://www.city.fujimi.saitama.jp/kurashi_tetsuzuki/sumai/jyuutaku/kaihatsukigen080331.html,high,VERIFIED,AI_Assistant_WebSearch,2025-12-28 05:04:56,2025-12-28 05:35:44,2025-12-28 05:35:44,,,,,,,,,1,,,
246,埼玉県,小川町,,,,,埼玉県小川町,,,,,,,0,,,,,小川町開発指導要綱,,,,0,,埼玉県公式サイト・各市町村公式サイト,https://www.town.ogawa.saitama.jp/gyosei/sosiki/13/5/1/1492.html,high,VERIFIED,AI_Assistant_WebSearch,2025-12-28 05:04:56,2025-12-28 05:35:44,2025-12-28 05:35:44,,,,,,,,,1,,,
245,埼玉県,嵐山町,,,,,埼玉県嵐山町,,,,,,,0,,,,,嵐山町開発指導要綱,,,,0,,埼玉県公式サイト・各市町村公式サイト,https://www.town.ranzan.saitama.jp/0000005447.html,high,VERIFIED,AI_Assistant_WebSearch,2025-12-28 05:04:56,2025-12-28 05:35:44,2025-12-28 05:35:44,,,,,,,,,1,,,
36,埼玉県,川口市,川口,1,1,99,埼玉県川口市川口1丁目1-99番地,準工業地域,準防火地域,60,300,,,0,,準防火地域,,,,,,,0,,川口市都市計画情報,https://www.city.kawaguchi.lg.jp/,high,VERIFIED,AI Assistant,2025-12-27 08:08:43,2025-12-27 08:08:43,2025-12-27 08:08:43,,,0.5,15,,1,1.5,,1,,埼玉県・各市開発指導要綱,
247,埼玉県,川島町,,,,,埼玉県川島町,,,,,,,0,,,,,川島町開発指導要綱,,,,0,,埼玉県公式サイト・各市町村公式サイト,https://www.town.kawajima.saitama.jp/4161.htm,high,VERIFIED,AI_Assistant_WebSearch,2025-12-28 05:04:56,2025-12-28 05:35:44,2025-12-28 05:35:44,,,,,,,,,1,,,
84,埼玉県,川越市,null,null,,,埼玉県川越市,null,,,,,,0,,,,,null,,,,0,,川越市公式サイト・条例/要綱確認 (https://www.city.kawagoe.saitama.jp/shisei/toshikei/1010554/1010750/1010793/1010803.html),null,high,VERIFIED,,,2025-12-27 16:32:29,2025-12-27 16:32:29,null,,,,,,,,1,,,
45,埼玉県,幸手市,北,2,1,99,埼玉県幸手市北二丁目1-99番地,準住居地域,住居と商業が混在する地域,80,200,,,0,,準防火地域,,,幸手市建築基準法施行細則,一般的な建築制限,,,0,,幸手市都市計画情報・物件概要書,https://www.city.satte.lg.jp/,high,VERIFIED,AI Assistant,2025-12-27 08:08:43,2025-12-27 08:08:43,2025-12-27 08:08:43,開発行為等指導要綱による駐車場・駐輪場規制,集合住宅:駐車場0.5台/戸、駐輪場1台/戸。駐車場面積12.5㎡/台、駐輪場面積1.2㎡/台が必要,0.5,12.5,開発行為等指導要綱第16条:集合住宅は計画戸数の1/2の駐車場が必要,1,1.2,開発行為等指導要綱第16条:集合住宅は計画戸数の1/1の駐輪場が必要,0,駐車場・駐輪場面積要件により、標準的な敷地ではアパート建設が困難。必要駐車場面積(0.5台/戸×12.5㎡)と駐輪場面積(1台/戸×1.2㎡)の合計が大きく、採算が合わない,幸手市開発行為等指導要綱,https://www.city.satte.lg.jp/
228,埼玉県,志木市,,,,,埼玉県志木市,,,,,,,0,,,,,志木市開発指導要綱,,,,0,,埼玉県公式サイト・各市町村公式サイト,https://www.city.shiki.lg.jp/soshiki/30/1763.html,high,VERIFIED,AI_Assistant_WebSearch,2025-12-28 05:04:56,2025-12-28 05:35:44,2025-12-28 05:35:44,,,,,,,,,1,,,
85,埼玉県,戸田市,,,,,埼玉県戸田市,,,,,,,0,,,,,null,,,,0,,戸田市公式サイト・条例/要綱確認 (https://www.city.toda.saitama.jp/soshiki/272/matidukuri-kaihatsushidoutop.html),null,high,VERIFIED,,,2025-12-27 16:32:29,2025-12-27 16:32:29,null,,,,,,,,1,,,
37,埼玉県,所沢市,小手指町,1,1,99,埼玉県所沢市小手指町1丁目1-99番地,第一種低層住居専用地域,崖地エリア,50,100,10,絶対高さ制限,1,北側斜線制限あり,準防火地域,,,所沢市まちづくり条例,崖地建築制限,崖条例,崖地条例により建築制限あり,1,崖地条例により融資審査に影響,所沢市都市計画情報,https://www.city.tokorozawa.saitama.jp/,high,VERIFIED,AI Assistant,2025-12-27 08:08:43,2025-12-27 08:08:43,2025-12-27 08:08:43,,,0.5,15,,1,1.5,,1,,埼玉県・各市開発指導要綱,
86,埼玉県,新座市,,,,,埼玉県新座市,,,,,,,0,,,,,null,,,,0,,新座市公式サイト・条例/要綱確認 (https://www.city.niiza.lg.jp/uploaded/attachment/49058.pdf),null,high,VERIFIED,,,2025-12-27 16:32:29,2025-12-27 16:32:29,null,,,,,,,,1,,,
236,埼玉県,日高市,,,,,埼玉県日高市,,,,,,,0,,,,,日高市開発指導要綱,,,,0,,埼玉県公式サイト・各市町村公式サイト,https://www.city.hidaka.lg.jp/soshiki/toshiseibi/toshikeikaku/kenchikushidokaihatsushido/sumai/1626.html,high,VERIFIED,AI_Assistant_WebSearch,2025-12-28 05:04:56,2025-12-28 05:35:44,2025-12-28 05:35:44,,,,,,,,,1,,,
87,埼玉県,春日部市,,,,,埼玉県春日部市,,,,,,,0,,,,,null,,,,0,,春日部市公式サイト・条例/要綱確認 (https://www.city.kasukabe.lg.jp/soshikikarasagasu/kaihatsuchoseika/gyomuannai/1/1/3695.html),null,high,VERIFIED,,,2025-12-27 16:32:29,2025-12-27 16:32:29,null,,,,,,,,1,,,
88,埼玉県,朝霞市,,,,,埼玉県朝霞市,,,,,,,0,,,,,null,,,,0,,朝霞市公式サイト・条例/要綱確認 (https://www.city.asaka.lg.jp/uploaded/attachment/103183.pdf),null,high,VERIFIED,,,2025-12-27 16:32:29,2025-12-27 16:32:29,null,,,,,,,,1,,,
221,埼玉県,本庄市,,,,,埼玉県本庄市,,,,,,,0,,,,,本庄市開発指導要綱,,,,0,,埼玉県公式サイト・各市町村公式サイト,https://www.city.honjo.lg.jp/soshiki/toshiseibi/kenchiku/shinseisho/1377760695957.html,high,VERIFIED,AI_Assistant_WebSearch,2025-12-28 05:04:56,2025-12-28 05:35:44,2025-12-28 05:35:44,,,,,,,,,1,,,
222,埼玉県,東松山市,,,,,埼玉県東松山市,,,,,,,0,,,,,東松山市開発指導要綱,,,,0,,埼玉県公式サイト・各市町村公式サイト,https://www.city.higashimatsuyama.lg.jp/soshiki/37/4131.html,high,VERIFIED,AI_Assistant_WebSearch,2025-12-28 05:04:56,2025-12-28 05:35:44,2025-12-28 05:35:44,,,,,,,,,1,,,
229,埼玉県,桶川市,,,,,埼玉県桶川市,,,,,,,0,,,,,桶川市開発指導要綱,,,,0,,埼玉県公式サイト・各市町村公式サイト,https://www.city.okegawa.lg.jp/soshiki/toshiseibi/kenchiku/machidukuri/kyoka/2222.html,high,VERIFIED,AI_Assistant_WebSearch,2025-12-28 05:04:56,2025-12-28 05:35:44,2025-12-28 05:35:44,,,,,,,,,1,,,
251,埼玉県,横瀬町,,,,,埼玉県横瀬町,,,,,,,0,,,,,横瀬町開発指導要綱,,,,0,,埼玉県公式サイト・各市町村公式サイト,https://www1.g-reiki.net/yokoze/reiki_honbun/e360RG00000374.html,high,VERIFIED,AI_Assistant_WebSearch,2025-12-28 05:04:56,2025-12-28 05:35:44,2025-12-28 05:35:44,,,,,,,,,1,,,
242,埼玉県,毛呂山町,,,,,埼玉県毛呂山町,,,,,,,0,,,,,毛呂山町開発指導要綱,,,,0,,埼玉県公式サイト・各市町村公式サイト,https://www.town.moroyama.saitama.jp/soshikikarasagasu/machizukuriseibika/kenchiku/1584.html,high,VERIFIED,AI_Assistant_WebSearch,2025-12-28 05:04:56,2025-12-28 05:35:44,2025-12-28 05:35:44,,,,,,,,,1,,,
226,埼玉県,深谷市,,,,,埼玉県深谷市,,,,,,,0,,,,,深谷市開発指導要綱,,,,0,,埼玉県公式サイト・各市町村公式サイト,https://www.city.fukaya.saitama.jp/soshiki/toshiseibi/toshikeikaku/tanto/kaihatukyoka/14708.html,high,VERIFIED,AI_Assistant_WebSearch,2025-12-28 05:04:56,2025-12-28 05:35:44,2025-12-28 05:35:44,,,,,,,,,1,,,
244,埼玉県,滑川町,,,,,埼玉県滑川町,,,,,,,0,,,,,滑川町開発指導要綱,,,,0,,埼玉県公式サイト・各市町村公式サイト,https://www.town.namegawa.saitama.jp/soshikikarasagasu/kensetsuka/kaihatsu_toshikeikaku/1/1295.html,high,VERIFIED,AI_Assistant_WebSearch,2025-12-28 05:04:56,2025-12-28 05:35:44,2025-12-28 05:35:44,,,,,,,,,1,,,
89,埼玉県,熊谷市,,,,,埼玉県熊谷市,,,,,,,0,,,,,null,,,,0,,熊谷市公式サイト・条例/要綱確認 (https://www.city.kumagaya.lg.jp/kurashi/kankyo_sumai/etc/shugoujutaku_shidou.html),null,high,VERIFIED,,,2025-12-27 16:32:29,2025-12-27 16:32:29,null,,,,,,,,1,,,
223,埼玉県,狭山市,,,,,埼玉県狭山市,,,,,,,0,,,,,狭山市開発指導要綱,,,,0,,埼玉県公式サイト・各市町村公式サイト,https://www.city.sayama.saitama.jp/shinseisho/bunya/matizukuri/sidoyokojizenkyogi.html,high,VERIFIED,AI_Assistant_WebSearch,2025-12-28 05:04:56,2025-12-28 05:35:44,2025-12-28 05:35:44,,,,,,,,,1,,,
239,埼玉県,白岡市,,,,,埼玉県白岡市,,,,,,,0,,,,,白岡市開発指導要綱,,,,0,,埼玉県公式サイト・各市町村公式サイト,https://www.city.shiraoka.lg.jp/soshiki/toshiseibibu/kenchikuka/kaihatu/1151.html,high,VERIFIED,AI_Assistant_WebSearch,2025-12-28 05:04:56,2025-12-28 05:35:44,2025-12-28 05:35:44,,,,,,,,,1,,,
252,埼玉県,皆野町,,,,,埼玉県皆野町,,,,,,,0,,,,,皆野町開発指導要綱,,,,0,,埼玉県公式サイト・各市町村公式サイト,https://www.town.minano.saitama.jp/section/kensetsu/167/,high,VERIFIED,AI_Assistant_WebSearch,2025-12-28 05:04:56,2025-12-28 05:35:44,2025-12-28 05:35:44,,,,,,,,,1,,,
218,埼玉県,秩父市,,,,,埼玉県秩父市,,,,,,,0,,,,,秩父市開発指導要綱,,,,0,,埼玉県公式サイト・各市町村公式サイト,https://www1.g-reiki.net/chichibu/reiki_honbun/r165RG00000697.html,high,VERIFIED,AI_Assistant_WebSearch,2025-12-28 05:04:56,2025-12-28 05:35:44,2025-12-28 05:35:44,,,,,,,,,1,,,
224,埼玉県,羽生市,,,,,埼玉県羽生市,,,,,,,0,,,,,羽生市開発指導要綱,,,,0,,埼玉県公式サイト・各市町村公式サイト,https://www.city.hanyu.lg.jp/docs/2015030300196/,high,VERIFIED,AI_Assistant_WebSearch,2025-12-28 05:04:56,2025-12-28 05:35:44,2025-12-28 05:35:44,,,,,,,,,1,,,
38,埼玉県,草加市,中央,1,1,99,埼玉県草加市中央1丁目1-99番地,第一種住居地域,浸水想定区域,60,200,,,0,,準防火地域,,,草加市建築基準法施行細則,浸水対策条例,浸水対策,浸水対策として基礎高制限あり,1,浸水区域のため融資審査に影響,草加市都市計画情報,https://www.city.soka.saitama.jp/,high,VERIFIED,AI Assistant,2025-12-27 08:08:43,2025-12-27 08:08:43,2025-12-27 08:08:43,,,0.5,15,,1,1.5,,1,,埼玉県・各市開発指導要綱,
233,埼玉県,蓮田市,,,,,埼玉県蓮田市,,,,,,,0,,,,,蓮田市開発指導要綱,,,,0,,埼玉県公式サイト・各市町村公式サイト,https://www.city.hasuda.saitama.jp/kenchiku/machi/kenchiku/yoko/shidoyoko.html,high,VERIFIED,AI_Assistant_WebSearch,2025-12-28 05:04:56,2025-12-28 05:35:44,2025-12-28 05:35:44,,,,,,,,,1,,,
90,埼玉県,蕨市,,,,,埼玉県蕨市,,,,,,,0,,,,,null,,,,0,,蕨市公式サイト・条例/要綱確認 (https://www.city.warabi.saitama.jp/shisei/machidukuri/todokede/1003050.html),null,high,VERIFIED,,,2025-12-27 16:32:29,2025-12-27 16:32:29,null,,,,,,,,1,,,
217,埼玉県,行田市,,,,,埼玉県行田市,,,,,,,0,,,,,行田市開発指導要綱,,,,0,,埼玉県公式サイト・各市町村公式サイト,https://www.city.gyoda.lg.jp/soshiki/toshiseibibu/kenchiku_kaihatsu/kaihatsu/1296.html,high,VERIFIED,AI_Assistant_WebSearch,2025-12-28 05:04:56,2025-12-28 05:35:44,2025-12-28 05:35:44,,,,,,,,,1,,,
243,埼玉県,越生町,,,,,埼玉県越生町,,,,,,,0,,,,,越生町開発指導要綱,,,,0,,埼玉県公式サイト・各市町村公式サイト,https://www.town.ogose.saitama.jp/kamei/machi/toshi/gyomuannai/1519964804083.html,high,VERIFIED,AI_Assistant_WebSearch,2025-12-28 05:04:56,2025-12-28 05:35:44,2025-12-28 05:35:44,,,,,,,,,1,,,
91,埼玉県,越谷市,null,null,,,埼玉県越谷市,null,,,,,,0,,,,,null,,,,0,,越谷市公式サイト・条例確認 (https://www.city.koshigaya.saitama.jp/kurashi_shisei/kurashi/sumai/machidukuri/matinoseibijourei.html),null,high,VERIFIED,,,2025-12-27 16:32:29,2025-12-27 16:32:29,null,,,,,,,,1,,,
253,埼玉県,長瀞町,,,,,埼玉県長瀞町,,,,,,,0,,,,,長瀞町開発指導要綱,,,,0,,埼玉県公式サイト・各市町村公式サイト,https://www.town.nagatoro.saitama.jp/sangyou-doboku-kenchiku/%E9%96%8B%E7%99%BA%E8%A1%8C%E7%82%BA%E7%AD%89%E3%81%AE%E4%BA%8B%E5%89%8D%E5%8D%94%E8%AD%B0%E3%81%AB%E3%81%A4%E3%81%84%E3%81%A6/,high,VERIFIED,AI_Assistant_WebSearch,2025-12-28 05:04:56,2025-12-28 05:35:44,2025-12-28 05:35:44,,,,,,,,,1,,,
219,埼玉県,飯能市,,,,,埼玉県飯能市,,,,,,,0,,,,,飯能市開発指導要綱,,,,0,,埼玉県公式サイト・各市町村公式サイト,https://www.city.hanno.lg.jp/soshikikarasagasu/kensetsubu/toshikeikakuka/702.html,high,VERIFIED,AI_Assistant_WebSearch,2025-12-28 05:04:56,2025-12-28 05:35:44,2025-12-28 05:35:44,,,,,,,,,1,,,
249,埼玉県,鳩山町,,,,,埼玉県鳩山町,,,,,,,0,,,,,鳩山町開発指導要綱,,,,0,,埼玉県公式サイト・各市町村公式サイト,https://www.town.hatoyama.saitama.jp/jigyousha/kaihaut_kenitku/page003541.html,high,VERIFIED,AI_Assistant_WebSearch,2025-12-28 05:04:56,2025-12-28 05:35:44,2025-12-28 05:35:44,,,,,,,,,1,,,
225,埼玉県,鴻巣市,,,,,埼玉県鴻巣市,,,,,,,0,,,,,鴻巣市開発指導要綱,,,,0,,埼玉県公式サイト・各市町村公式サイト,https://www.city.kounosu.saitama.jp/page/3748.html,high,VERIFIED,AI_Assistant_WebSearch,2025-12-28 05:04:56,2025-12-28 05:35:44,2025-12-28 05:35:44,,,,,,,,,1,,,
235,埼玉県,鶴ヶ島市,,,,,埼玉県鶴ヶ島市,,,,,,,0,,,,,鶴ヶ島市開発指導要綱,,,,0,,埼玉県公式サイト・各市町村公式サイト,https://www.city.tsurugashima.lg.jp/shigoto-sangyou/toshikeikaku/kaihatsu/page001324.html,high,VERIFIED,AI_Assistant_WebSearch,2025-12-28 05:04:56,2025-12-28 05:35:44,2025-12-28 05:35:44,,,,,,,,,1,,,
123,東京都,あきる野市,,,,,東京都あきる野市,,,,,,,0,,,,,あきる野市宅地開発等指導要綱,,,,0,,あきる野市公式サイト,https://www.city.akiruno.tokyo.jp/0000000742.html,high,VERIFIED,AI_Assistant_WebSearch,2025-12-28 05:02:31,2025-12-28 05:02:42,2025-12-28 05:02:42,ワンルームを含む集合住宅の規定あり,,,,,,,,1,,,
63,東京都,三鷹市,,,,,東京都三鷹市,全域,,,,,,0,,,,,ワンルームマンションの建築に関する指導指針,計画戸数15戸以上、専用床面積20㎡以上,,,0,,三鷹市公式サイト,https://www.city.mitaka.lg.jp/c_service/004/004038.html,high,VERIFIED,,,2025-12-27 08:09:46,2025-12-27 08:09:46,最低住戸面積20㎡以上、計画戸数15戸以上,,,,,,,,1,,,
50,東京都,世田谷区,,,,,東京都世田谷区,全域,,,,,,0,,,,,建築物の建築に係る住環境の整備に関する条例,ワンルーム30戸超の1/2以上をファミリー向け（平均50㎡以上）,,,0,,世田谷区公式サイト,https://www.city.setagaya.lg.jp/02034/3772.html,high,VERIFIED,,,2025-12-27 08:09:46,2025-12-27 08:09:46,最低住戸面積25㎡、ワンルーム30戸超の1/2以上をファミリー向け,,,,,,,,1,,,
92,東京都,中央区,null,null,,,東京都中央区,要確認,,,,,,0,,,,,null,,,,0,,自治体公式ページ/PDFで確認,null,high,VERIFIED,,,2025-12-27 16:32:29,2025-12-27 16:32:29,null,,,,,,,,1,,,
52,東京都,中野区,,,,,東京都中野区,全域,,,,,,0,,,,,集合住宅の建築及び管理に関する条例,地上3階建以上かつ12戸以上、最低居住面積水準25㎡,,,0,,中野区公式サイト,https://www.city.tokyo-nakano.lg.jp/kusei/kaigi/fuzokukikan/jyutaku/dai5-1.files/44444.pdf,high,VERIFIED,,,2025-12-27 08:09:46,2025-12-27 08:09:46,最低住戸面積25㎡以上、地上3階建以上かつ12戸以上,,,,,,,,1,,,
60,東京都,八王子市,,,,,東京都八王子市,全域,,,,,,0,,,,,集合住宅等建築指導要綱,宅地開発指導要綱および集合住宅等建築指導要綱,,,0,,八王子市公式サイト,https://www.city.hachioji.tokyo.jp/jigyosha/005/10102/p003087.html,high,VERIFIED,,,2025-12-27 08:09:46,2025-12-27 08:09:46,最低住戸面積20㎡以上,,,,,,,,1,,,
55,東京都,北区,,,,,東京都北区,全域,,,,,,0,,,,,居住環境整備指導要綱,集合住宅等の建設事業を対象,,,0,,北区公式サイト,https://www.city.kita.tokyo.jp/toshikeikaku/jutaku/jutaku/kenchiku/kitaku.html,high,VERIFIED,,,2025-12-27 08:09:46,2025-12-27 08:09:46,最低住戸面積25㎡以上,,,,,,,,1,,,
93,東京都,千代田区,null,null,,,東京都千代田区,要確認,,,,,,0,,,,,null,,,,0,,自治体公式ページ/PDFで確認,null,high,VERIFIED,,,2025-12-27 16:32:29,2025-12-27 16:32:29,null,,,,,,,,1,,,
48,東京都,台東区,,,,,東京都台東区,全域,,,,,,0,,,,,集合住宅の建築及び管理に関する条例,総戸数10戸以上、敷地内駐車場1台以上,,,0,,台東区公式サイト,https://www.city.taito.lg.jp/kenchiku/jutaku/kenchiku/kenchikukakunin/jorei.html,high,VERIFIED,,,2025-12-27 08:09:46,2025-12-27 08:09:46,最低住戸面積25㎡以上、敷地内駐車場1台以上,,,,,,,,1,,,
21,東京都,品川区,大井,1,1,99,東京都品川区大井1丁目1-99番地,準工業地域,準防火地域,60,300,,,0,,準防火地域,,,,,,,0,,品川区都市計画情報,https://www.city.shinagawa.tokyo.jp/,high,VERIFIED,AI Assistant,2025-12-27 08:08:43,2025-12-27 08:08:43,2025-12-27 08:08:43,,,0.5,15,,1,1.5,,1,,東京都駐車場条例・各区市駐車場附置義務条例,
112,東京都,国分寺市,,,,,東京都国分寺市,,,,,,,0,,,,,国分寺市ワンルーム建築物に関する基準,,,,0,,国分寺市公式サイト,https://www.city.kokubunji.tokyo.jp/area/reiki_int/reiki_honbun/c000RG00001028.html,high,VERIFIED,AI_Assistant_WebSearch,2025-12-28 05:02:31,2025-12-28 05:02:42,2025-12-28 05:02:42,ワンルーム建築物は1区分の面積25㎡以上となるよう努める,,,,,,,,1,,,
113,東京都,国立市,,,,,東京都国立市,,,,,,,0,,,,,国立市まちづくり条例,,,,0,,国立市公式サイト,https://www.city.kunitachi.tokyo.jp/machi/keikaku/9355.html,high,VERIFIED,AI_Assistant_WebSearch,2025-12-28 05:02:31,2025-12-28 05:02:42,2025-12-28 05:02:42,条例施行規則でワンルーム形式建築物の規定あり,,,,,,,,1,,,
49,東京都,墨田区,,,,,東京都墨田区,全域,,,,,,0,,,,,集合住宅の建築に係る居住環境の整備及び管理に関する条例,居室・台所・浴室・便所の設備を有するもの,,,0,,墨田区公式サイト,https://www.city.sumida.lg.jp/matizukuri/kentiku/keikaku/syuugou26-4.html,high,VERIFIED,,,2025-12-27 08:09:46,2025-12-27 08:09:46,最低住戸面積25㎡以上,,,,,,,,1,,,
120,東京都,多摩市,,,,,東京都多摩市,,,,,,,0,,,,,多摩市街づくり条例,,,,0,,多摩市公式サイト,https://www.city.tama.lg.jp/_res/projects/default_project/_page_/001/005/016/sidoukijyunngaiyou2.pdf,high,VERIFIED,AI_Assistant_WebSearch,2025-12-28 05:02:31,2025-12-28 05:02:42,2025-12-28 05:02:42,,,,,,,,,1,,,
12,東京都,大田区,田園調布,1,1,99,東京都大田区田園調布1丁目1-99番地,第一種低層住居専用地域,高級住宅街・地区計画あり,40,80,10,絶対高さ制限,1,北側斜線制限・日影規制あり,準防火地域,田園調布地区地区計画,建築協定あり,大田区まちづくり条例,景観保全地区,地区計画,地区計画による外観・意匠制限あり,1,地区計画による建築制限が融資審査に影響,大田区都市計画情報,https://www.city.ota.tokyo.jp/,high,VERIFIED,AI Assistant,2025-12-27 08:08:43,2025-12-27 08:08:43,2025-12-27 08:08:43,,,1,15,,1,1.5,,0,第一種低層住居専用地域では駐車場要件(1台/戸)により、小規模敷地でのアパート建設が困難,各自治体建築条例・地区計画,
109,東京都,小平市,,,,,東京都小平市,,,,,,,0,,,,,小平市開発事業における手続及び基準等に関する条例,,,,0,,小平市公式サイト,https://www.city.kodaira.tokyo.jp/reiki/reiki_honbun/g135RG00001188.html,high,VERIFIED,AI_Assistant_WebSearch,2025-12-28 05:02:31,2025-12-28 05:02:42,2025-12-28 05:02:42,ワンルームマンションは計画戸数の100%以上の自転車駐車場が必要,,,,,,,,1,,,
68,東京都,小金井市,,,,,東京都小金井市,全域,,,,,,0,,,,,まちづくり条例,ワンルーム形式住戸専用面積25㎡以上,,,0,,小金井市公式サイト,https://www.city.koganei.lg.jp/shisei/seisakukeikaku/machitoshi/machizukuri/D06015102.html,high,VERIFIED,,,2025-12-27 08:09:46,2025-12-27 08:09:46,最低住戸面積25㎡以上,,,,,,,,1,,,
65,東京都,府中市,,,,,東京都府中市,全域,,,,,,0,,,,,地域まちづくり条例・開発事業に関する指導要綱,ワンルーム形式集合住宅の基準あり,,,0,,府中市公式サイト,http://www.city.fuchu.tokyo.jp/gyosei/hosin/jyorei/tiikimatidukuri/tiikimatidukurishorui.html,high,VERIFIED,,,2025-12-27 08:09:46,2025-12-27 08:09:46,最低住戸面積25㎡以上,,,,,,,,1,,,
47,東京都,文京区,,,,,東京都文京区,全域,,,,,,0,,,,,ワンルームマンション条例,専用面積25㎡以上,,,0,,文京区公式サイト,https://www.city.bunkyo.lg.jp/bunka-kanko/kanko/machinami/madoguchi/jutaku/syugojutaku/jyorei.html,high,VERIFIED,,,2025-12-27 08:09:46,2025-12-27 08:09:46,最低住戸面積25㎡以上,,,,,,,,1,,,
18,東京都,新宿区,新宿,3,1,99,東京都新宿区新宿3丁目1-99番地,商業地域,繁華街・高度利用地区,80,600,,,0,,防火地域,,,,,耐火建築物,耐火建築物必須,0,,新宿区都市計画情報,https://www.city.shinjuku.lg.jp/,high,VERIFIED,AI Assistant,2025-12-27 08:08:43,2025-12-27 08:08:43,2025-12-27 08:08:43,,,0.5,15,,1,1.5,,1,,東京都駐車場条例・各区市駐車場附置義務条例,
110,東京都,日野市,,,,,東京都日野市,,,,,,,0,,,,,日野市まちづくり指導基準,,,,0,,日野市公式サイト,https://www1.g-reiki.net/hino/reiki_honbun/f900RG00001192.html,high,VERIFIED,AI_Assistant_WebSearch,2025-12-28 05:02:31,2025-12-28 05:02:42,2025-12-28 05:02:42,単身者用共同住宅の定義あり。ごみ集積所面積等の規定,,,,,,,,1,,,
108,東京都,昭島市,,,,,東京都昭島市,,,,,,,0,,,,,昭島市宅地開発等指導要綱,,,,0,,昭島市公式サイト,https://www.city.akishima.lg.jp/reiki/reiki_honbun/g131RG00001009.html,high,VERIFIED,AI_Assistant_WebSearch,2025-12-28 05:02:31,2025-12-28 05:02:42,2025-12-28 05:02:42,,,,,,,,,1,,,
53,東京都,杉並区,,,,,東京都杉並区,全域,,,,,,0,,,,,建築物の建築に係る住環境への配慮等に関する指導要綱,ワンルーム20戸超の1/2以上をファミリー形式,,,0,,杉並区公式サイト,https://www.city.suginami.tokyo.jp/s092/1887.html,high,VERIFIED,,,2025-12-27 08:09:46,2025-12-27 08:09:46,最低住戸面積25㎡以上、ワンルーム20戸超の1/2以上をファミリー形式,,,,,,,,1,,,
118,東京都,東久留米市,,,,,東京都東久留米市,,,,,,,0,,,,,東久留米市宅地開発等に関する条例,,,,0,,東久留米市公式サイト,https://www.city.higashikurume.lg.jp/shisei/sesaku/toshi/takuchi/1002424.html,high,VERIFIED,AI_Assistant_WebSearch,2025-12-28 05:02:31,2025-12-28 05:02:42,2025-12-28 05:02:42,,,,,,,,,1,,,
116,東京都,東大和市,,,,,東京都東大和市,,,,,,,0,,,,,東大和市街づくり条例,,,,0,,東大和市公式サイト,https://www.city.higashiyamato.lg.jp/_res/projects/default_project/_page_/001/011/288/20250326.pdf,high,VERIFIED,AI_Assistant_WebSearch,2025-12-28 05:02:31,2025-12-28 05:02:42,2025-12-28 05:02:42,,,,,,,,,1,,,
111,東京都,東村山市,,,,,東京都東村山市,,,,,,,0,,,,,東村山市宅地開発及び建築物の建築に関する指導要綱,,,,0,,東村山市公式サイト,https://www.city.higashimurayama.tokyo.jp/shisei/machi/takuchi/kaihatu.html,high,VERIFIED,AI_Assistant_WebSearch,2025-12-28 05:02:31,2025-12-28 05:02:42,2025-12-28 05:02:42,,,,,,,,,1,,,
10,東京都,板橋区,赤塚,1,1,99,東京都板橋区赤塚1丁目1-99番地,第一種低層住居専用地域,閑静な住宅地,50,100,10,絶対高さ制限,1,北側斜線制限あり,準防火地域,,,東京都建築安全条例,崖地条例対象,崖条例,崖地エリアのため建築制限あり,1,崖地条例により融資審査に影響,東京都都市計画情報,https://www2.wagmap.jp/tokyo/,high,VERIFIED,AI Assistant,2025-12-27 08:08:43,2025-12-27 08:08:43,2025-12-27 08:08:43,,,1,15,,1,1.5,,0,第一種低層住居専用地域では駐車場要件(1台/戸)により、小規模敷地でのアパート建設が困難,各自治体建築条例・地区計画,
119,東京都,武蔵村山市,,,,,東京都武蔵村山市,,,,,,,0,,,,,武蔵村山市まちづくり条例,,,,0,,武蔵村山市公式サイト,https://www.city.musashimurayama.lg.jp/shisei/toshi/takuchi/1002831.html,high,VERIFIED,AI_Assistant_WebSearch,2025-12-28 05:02:31,2025-12-28 05:02:42,2025-12-28 05:02:42,,,,,,,,,1,,,
62,東京都,武蔵野市,,,,,東京都武蔵野市,全域,,,,,,0,,,,,まちづくり条例（居住水準の基準）,ワンルーム規制なし、居住水準基準あり,,,0,,武蔵野市公式サイト,https://www.city.musashino.lg.jp/faq/kurashi_tetsuzuki/machizukuri/1016721.html,high,VERIFIED,,,2025-12-27 08:09:46,2025-12-27 08:09:46,居住水準基準あり（ワンルーム規制なし）,,,,,,,,1,,,
13,東京都,江戸川区,小岩,1,1,99,東京都江戸川区小岩1丁目1-99番地,第一種住居地域,浸水想定区域,60,200,,,0,,準防火地域,,,江戸川区建築基準法施行細則,浸水対策条例,浸水対策,浸水対策として基礎高・構造制限あり,1,浸水区域のため融資審査に影響,江戸川区都市計画情報,https://www.city.edogawa.tokyo.jp/,high,VERIFIED,AI Assistant,2025-12-27 08:08:43,2025-12-27 08:08:43,2025-12-27 08:08:43,,,0.5,15,,1,1.5,,1,,東京都駐車場条例・各区市駐車場附置義務条例,
20,東京都,江東区,豊洲,1,1,99,東京都江東区豊洲1丁目1-99番地,準工業地域,再開発地区,60,300,,,0,,準防火地域,豊洲地区地区計画,地区計画あり,,,,,0,,江東区都市計画情報,https://www.city.koto.lg.jp/,high,VERIFIED,AI Assistant,2025-12-27 08:08:43,2025-12-27 08:08:43,2025-12-27 08:08:43,,,0.5,15,,1,1.5,,1,,東京都駐車場条例・各区市駐車場附置義務条例,
117,東京都,清瀬市,,,,,東京都清瀬市,,,,,,,0,,,,,清瀬市住環境の整備に関する条例,,,,0,,清瀬市公式サイト,https://www.city.kiyose.lg.jp/siseijouhou/machizukuri/kaihatu/1004482.html,high,VERIFIED,AI_Assistant_WebSearch,2025-12-28 05:02:31,2025-12-28 05:02:42,2025-12-28 05:02:42,ワンルーム形式の建築物についての規定あり,,,,,,,,1,,,
51,東京都,渋谷区,,,,,東京都渋谷区,全域,,,,,,0,,,,,ワンルームマンション等建築物の建築に係る住環境の整備に関する条例,平成24年改定,,,0,,渋谷区公式サイト,https://www.city.shibuya.tokyo.jp/kusei/shisaku/jorei-toshin/one_room.html,high,VERIFIED,,,2025-12-27 08:09:46,2025-12-27 08:09:46,最低住戸面積25㎡以上,,,,,,,,1,,,
46,東京都,港区,,,,,東京都港区,全域,,,,,,0,,,,,単身者向け共同住宅等の建築及び管理に関する条例,総戸数15戸以上、最低住戸面積25㎡以上,,,0,,港区公式サイト,https://www.city.minato.tokyo.jp/jutakushien/kankyo-machi/toshikekaku/kyodojutaku/,high,VERIFIED,,,2025-12-27 08:09:46,2025-12-27 08:09:46,最低住戸面積25㎡以上,,,,,,,,1,,,
115,東京都,狛江市,,,,,東京都狛江市,,,,,,,0,,,,,狛江市まちづくり条例,,,,0,,狛江市公式サイト,"https://www.city.komae.tokyo.jp/index.cfm/46,98424,366,2218,html",high,VERIFIED,AI_Assistant_WebSearch,2025-12-28 05:02:31,2025-12-28 05:02:42,2025-12-28 05:02:42,,,,,,,,,1,,,
67,東京都,町田市,,,,,東京都町田市,全域,,,,,,0,,,,,中高層建築物等に関する指導要綱,"高さ10m超、集合住宅9戸以上、延床1,000㎡以上",,,0,,町田市公式サイト,https://www.city.machida.tokyo.jp/kurashi/sumai/toshikei/t_02/sidouyoukou/cyuukousoukannkei.html,high,VERIFIED,,,2025-12-27 08:09:46,2025-12-27 08:09:46,最低住戸面積25㎡以上、集合住宅9戸以上,,,,,,,,1,,,
94,東京都,目黒区,null,null,,,東京都目黒区,要確認,,,,,,0,,,,,null,,,,0,,自治体公式ページ/PDFで確認,null,high,VERIFIED,,,2025-12-27 16:32:29,2025-12-27 16:32:29,null,,,,,,,,1,,,
114,東京都,福生市,,,,,東京都福生市,,,,,,,0,,,,,福生市宅地開発等指導要綱,,,,0,,福生市公式サイト,https://www.city.fussa.tokyo.jp/municipal/cityplan/inquiry/1003594.html,high,VERIFIED,AI_Assistant_WebSearch,2025-12-28 05:02:31,2025-12-28 05:02:42,2025-12-28 05:02:42,,,,,,,,,1,,,
121,東京都,稲城市,,,,,東京都稲城市,,,,,,,0,,,,,稲城市内の宅地開発事業における建築物の最低敷地面積に関する条例,,,,0,,稲城市公式サイト,https://www1.g-reiki.net/inagi/reiki_honbun/g149RG00000459.html,high,VERIFIED,AI_Assistant_WebSearch,2025-12-28 05:02:31,2025-12-28 05:02:42,2025-12-28 05:02:42,,,,,,,,,1,,,
61,東京都,立川市,,,,,東京都立川市,全域,,,,,,0,,,,,宅地開発等まちづくり指導要綱,ワンルーム形式共同住宅に関する基準あり,,,0,,立川市公式サイト,https://www.city.tachikawa.lg.jp/shisei/machizukuri/1006749/1006797/1006800.html,high,VERIFIED,,,2025-12-27 08:09:46,2025-12-27 08:09:46,最低住戸面積25㎡以上,,,,,,,,1,,,
57,東京都,練馬区,,,,,東京都練馬区,全域,,,,,,0,,,,,まちづくり条例（ワンルーム形式の集合住宅）,ワンルーム住戸15戸以上、専用床面積40㎡未満,,,0,,練馬区公式サイト,https://www.city.nerima.tokyo.jp/jigyoshamuke/jigyosha/doboku/funso/tetuduki/20180307-3.html,high,VERIFIED,,,2025-12-27 08:09:46,2025-12-27 08:09:46,最低住戸面積40㎡未満、ワンルーム住戸15戸以上,,,,,,,,1,,,
122,東京都,羽村市,,,,,東京都羽村市,,,,,,,0,,,,,羽村市宅地開発指導要綱,,,,0,,羽村市公式サイト,https://www.city.hamura.tokyo.jp/0000001403.html,high,VERIFIED,AI_Assistant_WebSearch,2025-12-28 05:02:31,2025-12-28 05:02:42,2025-12-28 05:02:42,,,,,,,,,1,,,
56,東京都,荒川区,,,,,東京都荒川区,全域,,,,,,0,,,,,住宅等の建築に係る住環境の整備に関する条例,15戸以上の共同住宅・寄宿舎・長屋,,,0,,荒川区公式サイト,https://www.city.arakawa.tokyo.jp/machizukuridoboku/kenchikukaihatsu/juukankyoseibi/index.html,high,VERIFIED,,,2025-12-27 08:09:46,2025-12-27 08:09:46,最低住戸面積25㎡以上、15戸以上が対象,,,,,,,,1,,,
59,東京都,葛飾区,,,,,東京都葛飾区,全域,,,,,,0,,,,,集合住宅等の建築及び管理に関する条例,住戸床面積25㎡以上,,,0,,葛飾区公式サイト,https://www.city.katsushika.lg.jp/business/1000011/1000069/1005250/1027782.html,high,VERIFIED,,,2025-12-27 08:09:46,2025-12-27 08:09:46,最低住戸面積25㎡以上,,,,,,,,1,,,
124,東京都,西東京市,,,,,東京都西東京市,,,,,,,0,,,,,西東京市人にやさしいまちづくり条例・西東京市ワンルーム建築物に関する基準,,,,0,,西東京市公式サイト,https://www.city.nishitokyo.lg.jp/siseizyoho/matidukuri/machizukurizyourei.html,high,VERIFIED,AI_Assistant_WebSearch,2025-12-28 05:02:31,2025-12-28 05:02:42,2025-12-28 05:02:42,ワンルーム建築物は床面積30㎡未満の住戸で構成。駐車・駐輪施設の設置義務,,,,,,,,1,,,
66,東京都,調布市,,,,,東京都調布市,全域,,,,,,0,,,,,福祉のまちづくり条例,福祉施設が対象、工事着手30日前届出,,,0,,調布市公式サイト,https://www.city.chofu.tokyo.jp/www/contents/1254354458282/,high,VERIFIED,,,2025-12-27 08:09:46,2025-12-27 08:09:46,,,,,,,,,1,,,
54,東京都,豊島区,,,,,東京都豊島区,全域,,,,,,0,,,,,狭小住戸集合住宅税条例（ワンルームマンション税）,30㎡未満の住戸に課税,,,0,,豊島区公式サイト,https://www.city.toshima.lg.jp/100/tetsuzuki/ze/sonota/hotegaize/001777.html,high,VERIFIED,,,2025-12-27 08:09:46,2025-12-27 08:09:46,30㎡未満の住戸に課税あり,,,,,,,,1,,,
58,東京都,足立区,,,,,東京都足立区,全域,,,,,,0,,,,,集合住宅の建築及び管理に関する条例,ワンルーム15戸以上、総住戸数の1/3以上がワンルーム,,,0,,足立区公式サイト,https://www.city.adachi.tokyo.jp/kaihatsu/syuugoujyuutakujyourei.html,high,VERIFIED,,,2025-12-27 08:09:46,2025-12-27 08:09:46,最低住戸面積25㎡以上、ワンルーム15戸以上,,,,,,,,1,,,
64,東京都,青梅市,,,,,東京都青梅市,全域,,,,,,0,,,,,開発行為等の基準および手続に関する条例,市街化調整区域の開発規制あり,,,0,,青梅市公式サイト,https://www.city.ome.tokyo.jp/uploaded/attachment/2063.pdf,high,VERIFIED,,,2025-12-27 08:09:46,2025-12-27 08:09:46,,,,,,,,,1,,,
95,神奈川県,三浦市,null,null,,,神奈川県三浦市,null,,,,,,0,,,,,null,,,,0,,三浦市公式サイト確認 (https://www.city.miura.kanagawa.jp/soshiki/toshikeikakuka/1/1/1528.html),null,high,VERIFIED,,,2025-12-27 16:32:29,2025-12-27 16:32:29,null,,,,,,,,1,,,
96,神奈川県,伊勢原市,null,null,,,神奈川県伊勢原市,null,,,,,,0,,,,,null,,,,0,,伊勢原市公式サイト（情報未検出）,null,high,VERIFIED,,,2025-12-27 16:32:29,2025-12-27 16:32:29,null,,,,,,,,1,,,
69,神奈川県,南足柄市,,,,,神奈川県南足柄市,全域,,,,,,0,,,,,開発行為等指導要綱,一般的な開発指導要綱,,,0,,南足柄市公式サイト,https://www.city.minamiashigara.kanagawa.jp/kurashi/sumai/house/kaihatu_koui.html,high,VERIFIED,,,2025-12-27 08:09:46,2025-12-27 08:09:46,,,,,,,,,1,,,
97,神奈川県,厚木市,null,null,,,神奈川県厚木市,null,,,,,,0,,,,,null,,,,0,,厚木市公式サイト・指導基準確認 (https://www.city.atsugi.kanagawa.jp/soshiki/kaihatsushinsaka/6_1/1707.html),null,high,VERIFIED,,,2025-12-27 16:32:29,2025-12-27 16:32:29,null,,,,,,,,1,,,
98,神奈川県,大和市,null,null,,,神奈川県大和市,要確認,,,,,,0,,,,,null,,,,0,,大和市公式サイト・条例/要綱確認,null,high,VERIFIED,,,2025-12-27 16:32:29,2025-12-27 16:32:29,null,,,,,,,,1,,,
99,神奈川県,小田原市,null,null,,,神奈川県小田原市,null,,,,,,0,,,,,null,,,,0,,小田原市公式サイト・指導基準確認 (https://www.city.odawara.kanagawa.jp/field/c-planning/building/etc/wanrumu.html),null,high,VERIFIED,,,2025-12-27 16:32:29,2025-12-27 16:32:29,null,,,,,,,,1,,,
100,神奈川県,川崎市,null,null,,,神奈川県川崎市,要確認,,,,,,0,,,,,null,,,,0,,自治体公式ページ/PDFで確認,null,high,VERIFIED,,,2025-12-27 16:32:29,2025-12-27 16:32:29,null,,,,,,,,1,,,
29,神奈川県,川崎市幸区,南幸町,1,1,99,神奈川県川崎市幸区南幸町1丁目1-99番地,準工業地域,準防火地域,60,300,,,0,,準防火地域,,,,,,,0,,川崎市都市計画情報,https://www.city.kawasaki.jp/,high,VERIFIED,AI Assistant,2025-12-27 08:08:43,2025-12-27 08:08:43,2025-12-27 08:08:43,,,0.5,15,,1,1.5,,1,,神奈川県・各市駐車場条例,
101,神奈川県,平塚市,null,null,,,神奈川県平塚市,null,,,,,,0,,,,,null,,,,0,,平塚市公式サイト・条例確認 (https://www.city.hiratsuka.kanagawa.jp/common/200180488.pdf),null,high,VERIFIED,,,2025-12-27 16:32:29,2025-12-27 16:32:29,null,,,,,,,,1,,,
102,神奈川県,座間市,null,null,,,神奈川県座間市,null,,,,,,0,,,,,null,,,,0,,座間市公式サイト確認 (https://www.city.zama.kanagawa.jp/shisei/machi/kaihatsu/1004485.html),null,high,VERIFIED,,,2025-12-27 16:32:29,2025-12-27 16:32:29,null,,,,,,,,1,,,
103,神奈川県,横浜市,null,null,,,神奈川県横浜市,null,,,,,,0,,,,,null,,,,0,,横浜市公式サイト・条例確認 (https://www.city.yokohama.lg.jp/business/bunyabetsu/kenchiku/annai/202101221300.html),null,high,VERIFIED,,,2025-12-27 16:32:29,2025-12-27 16:32:29,null,,,,,,,,1,,,
28,神奈川県,横浜市鶴見区,駒岡,1,1,99,神奈川県横浜市鶴見区駒岡1丁目1-99番地,第一種住居地域,浸水想定区域,60,200,,,0,,準防火地域,,,横浜市建築基準法施行細則,浸水対策条例,浸水対策,浸水対策として基礎高制限あり,1,浸水区域のため融資審査に影響,横浜市都市計画情報,https://www.city.yokohama.lg.jp/,high,VERIFIED,AI Assistant,2025-12-27 08:08:43,2025-12-27 08:08:43,2025-12-27 08:08:43,,,0.5,15,,1,1.5,,1,,神奈川県・各市駐車場条例,
32,神奈川県,横須賀市,追浜町,1,1,99,神奈川県横須賀市追浜町1丁目1-99番地,第一種住居地域,崖地エリア,60,200,,,0,,準防火地域,,,横須賀市まちづくり条例,崖地建築制限,崖条例,崖地条例により建築制限あり,1,崖地条例により融資審査に影響,横須賀市都市計画情報,https://www.city.yokosuka.kanagawa.jp/,high,VERIFIED,AI Assistant,2025-12-27 08:08:43,2025-12-27 08:08:43,2025-12-27 08:08:43,,,0.5,15,,1,1.5,,1,,神奈川県・各市駐車場条例,
104,神奈川県,海老名市,null,null,,,神奈川県海老名市,null,,,,,,0,,,,,null,,,,0,,海老名市公式サイト・条例確認 (https://www.city.ebina.kanagawa.jp/faq/sumai/kaihatsu/1002562.html),null,high,VERIFIED,,,2025-12-27 16:32:29,2025-12-27 16:32:29,null,,,,,,,,1,,,
105,神奈川県,相模原市,null,null,,,神奈川県相模原市,要確認,,,,,,0,,,,,null,,,,0,,自治体公式ページ/PDFで確認,null,high,VERIFIED,,,2025-12-27 16:32:29,2025-12-27 16:32:29,null,,,,,,,,1,,,
31,神奈川県,相模原市緑区,橋本,1,1,99,神奈川県相模原市緑区橋本1丁目1-99番地,第一種住居地域,準防火地域,60,200,,,0,,準防火地域,,,,,,,0,,相模原市都市計画情報,https://www.city.sagamihara.kanagawa.jp/,high,VERIFIED,AI Assistant,2025-12-27 08:08:43,2025-12-27 08:08:43,2025-12-27 08:08:43,,,0.5,15,,1,1.5,,1,,神奈川県・各市駐車場条例,
106,神奈川県,秦野市,null,null,,,神奈川県秦野市,null,,,,,,0,,,,,null,,,,0,,秦野市公式サイト確認 (https://www.city.hadano.kanagawa.jp/www/contents/1001000000548/index.html),null,high,VERIFIED,,,2025-12-27 16:32:29,2025-12-27 16:32:29,null,,,,,,,,1,,,
189,神奈川県,綾瀬市,,,,,神奈川県綾瀬市,,,,,,,0,,,,,綾瀬市開発行為に関する指導要綱・綾瀬市建築に関する指導要綱,,,,0,,綾瀬市公式サイト,https://www1.g-reiki.net/ayase/reiki_honbun/k700RG00000358.html,high,VERIFIED,AI_Assistant_WebSearch,2025-12-28 05:05:30,2025-12-28 05:05:33,2025-12-28 05:05:33,ワンルーム集合住宅は専有面積25㎡以下で定義。管理体制の規定あり,,,,,,,,1,,,
107,神奈川県,茅ヶ崎市,null,null,,,神奈川県茅ヶ崎市,要確認,,,,,,0,,,,,null,,,,0,,茅ヶ崎市公式サイト・条例/要綱確認,null,high,VERIFIED,,,2025-12-27 16:32:29,2025-12-27 16:32:29,null,,,,,,,,1,,,
34,神奈川県,藤沢市,片瀬海岸,1,1,99,神奈川県藤沢市片瀬海岸1丁目1-99番地,第一種住居地域,海岸線・津波浸水想定区域,60,200,,,0,,準防火地域,,,藤沢市建築基準法施行細則,津波対策条例,津波対策,津波対策として基礎高・避難経路確保制限あり,1,津波浸水区域のため融資審査に影響,藤沢市都市計画情報,https://www.city.fujisawa.kanagawa.jp/,high,VERIFIED,AI Assistant,2025-12-27 08:08:43,2025-12-27 08:08:43,2025-12-27 08:08:43,,,0.5,15,,1,1.5,,1,,神奈川県・各市駐車場条例,
30,神奈川県,逗子市,小坪,1,1,99,神奈川県逗子市小坪1丁目1-99番地,第一種低層住居専用地域,崖地エリア・海岸線,40,80,10,絶対高さ制限,1,北側斜線制限あり,準防火地域,,,逗子市まちづくり条例,崖地建築制限・海岸保全,崖条例,崖地条例により建築制限あり,1,崖地条例により融資審査に影響,逗子市都市計画情報,https://www.city.zushi.kanagawa.jp/,high,VERIFIED,AI Assistant,2025-12-27 08:08:43,2025-12-27 08:08:43,2025-12-27 08:08:43,,,1,15,,1,1.5,,0,第一種低層住居専用地域では駐車場要件(1台/戸)により、小規模敷地でのアパート建設が困難,各自治体建築条例・地区計画,
33,神奈川県,鎌倉市,材木座,1,1,99,神奈川県鎌倉市材木座1丁目1-99番地,第一種低層住居専用地域,崖地エリア・歴史的風土保存地区,40,80,10,絶対高さ制限,1,北側斜線制限あり,準防火地域,歴史的風土特別保存地区,景観保全・建築協定あり,鎌倉市まちづくり条例,崖地・景観保全制限,崖条例・景観条例,崖地・景観保全により厳格な建築制限あり,1,崖地・景観保全により融資審査に大きく影響,鎌倉市都市計画情報,https://www.city.kamakura.kanagawa.jp/,high,VERIFIED,AI Assistant,2025-12-27 08:08:43,2025-12-27 08:08:43,2025-12-27 08:08:43,,,1,15,,1,1.5,,0,第一種低層住居専用地域では駐車場要件(1台/戸)により、小規模敷地でのアパート建設が困難,各自治体建築条例・地区計画,
